[INFO] Scanning for projects...
[INFO] 
[INFO] -------------------------< com.aluon:backend >--------------------------
[INFO] Building AluonSaaSBackend 0.0.1-SNAPSHOT
[INFO] --------------------------------[ jar ]---------------------------------
[INFO] 
[INFO] >>> spring-boot-maven-plugin:3.2.4:run (default-cli) > test-compile @ backend >>>
[INFO] 
[INFO] --- maven-resources-plugin:3.3.1:resources (default-resources) @ backend ---
[INFO] Copying 5 resources from src\main\resources to target\classes
[INFO] Copying 0 resource from src\main\resources to target\classes
[INFO] 
[INFO] --- maven-compiler-plugin:3.11.0:compile (default-compile) @ backend ---
[INFO] Nothing to compile - all classes are up to date
[INFO] 
[INFO] --- maven-resources-plugin:3.3.1:testResources (default-testResources) @ backend ---
[INFO] skip non existing resourceDirectory C:\proyectos\PROGRAMA-ALUON\backend\src\test\resources
[INFO] 
[INFO] --- maven-compiler-plugin:3.11.0:testCompile (default-testCompile) @ backend ---
[INFO] No sources to compile
[INFO] 
[INFO] <<< spring-boot-maven-plugin:3.2.4:run (default-cli) < test-compile @ backend <<<
[INFO] 
[INFO] 
[INFO] --- spring-boot-maven-plugin:3.2.4:run (default-cli) @ backend ---
[INFO] Attaching agents: []

  .   ____          _            __ _ _
 /\\ / ___'_ __ _ _(_)_ __  __ _ \ \ \ \
( ( )\___ | '_ | '_| | '_ \/ _` | \ \ \ \
 \\/  ___)| |_)| | | | | || (_| |  ) ) ) )
  '  |____| .__|_| |_|_| |_\__, | / / / /
 =========|_|==============|___/=/_/_/_/
 :: Spring Boot ::                (v3.2.4)

2026-03-18T00:09:17.234+01:00  INFO 41356 --- [aluon-saas-backend] [           main] com.aluon.AluonApplication               : Starting AluonApplication using Java 21.0.10 with PID 41356 (C:\proyectos\PROGRAMA-ALUON\backend\target\classes started by Rodrigo in C:\proyectos\PROGRAMA-ALUON\backend)
2026-03-18T00:09:17.237+01:00  INFO 41356 --- [aluon-saas-backend] [           main] com.aluon.AluonApplication               : The following 1 profile is active: "local"
2026-03-18T00:09:17.239+01:00 DEBUG 41356 --- [aluon-saas-backend] [           main] o.s.boot.SpringApplication               : Loading source class com.aluon.AluonApplication
2026-03-18T00:09:17.299+01:00 DEBUG 41356 --- [aluon-saas-backend] [           main] ConfigServletWebServerApplicationContext : Refreshing org.springframework.boot.web.servlet.context.AnnotationConfigServletWebServerApplicationContext@43b9fd5
2026-03-18T00:09:18.156+01:00  INFO 41356 --- [aluon-saas-backend] [           main] .s.d.r.c.RepositoryConfigurationDelegate : Bootstrapping Spring Data JPA repositories in DEFAULT mode.
2026-03-18T00:09:18.187+01:00 DEBUG 41356 --- [aluon-saas-backend] [           main] o.s.b.a.AutoConfigurationPackages        : @EnableAutoConfiguration was declared on a class in the package 'com.aluon,org.springframework.modulith.events.jpa'. Automatic @Repository and @Entity scanning is enabled.
2026-03-18T00:09:18.248+01:00  INFO 41356 --- [aluon-saas-backend] [           main] .s.d.r.c.RepositoryConfigurationDelegate : Finished Spring Data repository scanning in 81 ms. Found 1 JPA repository interface.
2026-03-18T00:09:18.900+01:00 DEBUG 41356 --- [aluon-saas-backend] [           main] .s.b.w.e.t.TomcatServletWebServerFactory : Code archive: C:\Users\Rodrigo\.m2\repository\org\springframework\boot\spring-boot\3.2.4\spring-boot-3.2.4.jar
2026-03-18T00:09:18.904+01:00 DEBUG 41356 --- [aluon-saas-backend] [           main] .s.b.w.e.t.TomcatServletWebServerFactory : Code archive: C:\Users\Rodrigo\.m2\repository\org\springframework\boot\spring-boot\3.2.4\spring-boot-3.2.4.jar
2026-03-18T00:09:18.905+01:00 DEBUG 41356 --- [aluon-saas-backend] [           main] .s.b.w.e.t.TomcatServletWebServerFactory : None of the document roots [src/main/webapp, public, static] point to a directory and will be ignored.
2026-03-18T00:09:18.924+01:00  INFO 41356 --- [aluon-saas-backend] [           main] o.s.b.w.embedded.tomcat.TomcatWebServer  : Tomcat initialized with port 8080 (http)
2026-03-18T00:09:18.940+01:00  INFO 41356 --- [aluon-saas-backend] [           main] o.apache.catalina.core.StandardService   : Starting service [Tomcat]
2026-03-18T00:09:18.940+01:00  INFO 41356 --- [aluon-saas-backend] [           main] o.apache.catalina.core.StandardEngine    : Starting Servlet engine: [Apache Tomcat/10.1.19]
2026-03-18T00:09:19.061+01:00  INFO 41356 --- [aluon-saas-backend] [           main] o.a.c.c.C.[Tomcat].[localhost].[/]       : Initializing Spring embedded WebApplicationContext
2026-03-18T00:09:19.062+01:00 DEBUG 41356 --- [aluon-saas-backend] [           main] w.s.c.ServletWebServerApplicationContext : Published root WebApplicationContext as ServletContext attribute with name [org.springframework.web.context.WebApplicationContext.ROOT]
2026-03-18T00:09:19.062+01:00  INFO 41356 --- [aluon-saas-backend] [           main] w.s.c.ServletWebServerApplicationContext : Root WebApplicationContext: initialization completed in 1763 ms
2026-03-18T00:09:19.082+01:00 DEBUG 41356 --- [aluon-saas-backend] [           main] o.s.b.w.s.ServletContextInitializerBeans : Mapping filters: characterEncodingFilter urls=[/*] order=-2147483648, formContentFilter urls=[/*] order=-9900, requestContextFilter urls=[/*] order=-105
2026-03-18T00:09:19.082+01:00 DEBUG 41356 --- [aluon-saas-backend] [           main] o.s.b.w.s.ServletContextInitializerBeans : Mapping servlets: dispatcherServlet urls=[/]
2026-03-18T00:09:19.102+01:00 DEBUG 41356 --- [aluon-saas-backend] [           main] o.s.b.w.s.f.OrderedRequestContextFilter  : Filter 'requestContextFilter' configured for use
2026-03-18T00:09:19.105+01:00 DEBUG 41356 --- [aluon-saas-backend] [           main] s.b.w.s.f.OrderedCharacterEncodingFilter : Filter 'characterEncodingFilter' configured for use
2026-03-18T00:09:19.106+01:00 DEBUG 41356 --- [aluon-saas-backend] [           main] o.s.b.w.s.f.OrderedFormContentFilter     : Filter 'formContentFilter' configured for use
2026-03-18T00:09:19.232+01:00  INFO 41356 --- [aluon-saas-backend] [           main] o.hibernate.jpa.internal.util.LogHelper  : HHH000204: Processing PersistenceUnitInfo [name: default]
2026-03-18T00:09:19.281+01:00  INFO 41356 --- [aluon-saas-backend] [           main] org.hibernate.Version                    : HHH000412: Hibernate ORM core version 6.4.4.Final
2026-03-18T00:09:19.313+01:00  INFO 41356 --- [aluon-saas-backend] [           main] o.h.c.internal.RegionFactoryInitiator    : HHH000026: Second-level cache disabled
2026-03-18T00:09:19.565+01:00  INFO 41356 --- [aluon-saas-backend] [           main] o.s.o.j.p.SpringPersistenceUnitInfo      : No LoadTimeWeaver setup: ignoring JPA class transformer
2026-03-18T00:09:19.616+01:00  INFO 41356 --- [aluon-saas-backend] [           main] com.zaxxer.hikari.HikariDataSource       : HikariPool-1 - Starting...
2026-03-18T00:09:19.873+01:00  INFO 41356 --- [aluon-saas-backend] [           main] com.zaxxer.hikari.pool.HikariPool        : HikariPool-1 - Added connection org.postgresql.jdbc.PgConnection@56da96b3
2026-03-18T00:09:19.877+01:00  INFO 41356 --- [aluon-saas-backend] [           main] com.zaxxer.hikari.HikariDataSource       : HikariPool-1 - Start completed.
2026-03-18T00:09:21.222+01:00  INFO 41356 --- [aluon-saas-backend] [           main] o.h.e.t.j.p.i.JtaPlatformInitiator       : HHH000489: No JTA platform available (set 'hibernate.transaction.jta.platform' to enable JTA platform integration)
2026-03-18T00:09:21.294+01:00 DEBUG 41356 --- [aluon-saas-backend] [           main] org.hibernate.SQL                        : 
    create table customers (
        id uuid not null,
        cp varchar(255),
        dias_vencimiento integer,
        direccion varchar(255),
        email varchar(255),
        forma_pago varchar(255),
        iban varchar(255),
        nombre_comercial varchar(255) not null,
        pais varchar(255),
        persona_contacto varchar(255),
        poblacion varchar(255),
        provincia varchar(255),
        razon_social varchar(255),
        remanente numeric(19,4),
        tarifa varchar(255),
        telefono varchar(255),
        tenant_id uuid not null,
        tipo_documento varchar(255) check (tipo_documento in ('DNI','CIF','NIE','PASAPORTE')),
        primary key (id)
    )
Hibernate: 
    create table customers (
        id uuid not null,
        cp varchar(255),
        dias_vencimiento integer,
        direccion varchar(255),
        email varchar(255),
        forma_pago varchar(255),
        iban varchar(255),
        nombre_comercial varchar(255) not null,
        pais varchar(255),
        persona_contacto varchar(255),
        poblacion varchar(255),
        provincia varchar(255),
        razon_social varchar(255),
        remanente numeric(19,4),
        tarifa varchar(255),
        telefono varchar(255),
        tenant_id uuid not null,
        tipo_documento varchar(255) check (tipo_documento in ('DNI','CIF','NIE','PASAPORTE')),
        primary key (id)
    )
2026-03-18T00:09:21.334+01:00 DEBUG 41356 --- [aluon-saas-backend] [           main] org.hibernate.SQL                        : 
    create table delivery_addresses (
        id uuid not null,
        contacto varchar(255),
        cp varchar(255),
        direccion varchar(255),
        nombre_alias varchar(255) not null,
        poblacion varchar(255),
        provincia varchar(255),
        telefono varchar(255),
        tenant_id uuid not null,
        customer_id uuid not null,
        primary key (id)
    )
Hibernate: 
    create table delivery_addresses (
        id uuid not null,
        contacto varchar(255),
        cp varchar(255),
        direccion varchar(255),
        nombre_alias varchar(255) not null,
        poblacion varchar(255),
        provincia varchar(255),
        telefono varchar(255),
        tenant_id uuid not null,
        customer_id uuid not null,
        primary key (id)
    )
2026-03-18T00:09:21.366+01:00 DEBUG 41356 --- [aluon-saas-backend] [           main] org.hibernate.SQL                        : 
    create table event_publication (
        id uuid not null,
        completion_date timestamp(6) with time zone,
        event_type varchar(255),
        listener_id varchar(255),
        publication_date timestamp(6) with time zone,
        serialized_event varchar(255),
        primary key (id)
    )
Hibernate: 
    create table event_publication (
        id uuid not null,
        completion_date timestamp(6) with time zone,
        event_type varchar(255),
        listener_id varchar(255),
        publication_date timestamp(6) with time zone,
        serialized_event varchar(255),
        primary key (id)
    )
2026-03-18T00:09:21.402+01:00 DEBUG 41356 --- [aluon-saas-backend] [           main] org.hibernate.SQL                        : 
    create table orders (
        id uuid not null,
        alto_mm integer not null,
        ancho_mm integer not null,
        codigo_orden varchar(255) not null,
        estado varchar(255) not null check (estado in ('PENDIENTE_MATERIAL','EN_PRODUCCION','LISTO_MONTAJE','INSTALADA','FACTURADA')),
        modelo_puerta varchar(255) not null,
        tenant_id uuid not null,
        customer_id uuid not null,
        primary key (id)
    )
Hibernate: 
    create table orders (
        id uuid not null,
        alto_mm integer not null,
        ancho_mm integer not null,
        codigo_orden varchar(255) not null,
        estado varchar(255) not null check (estado in ('PENDIENTE_MATERIAL','EN_PRODUCCION','LISTO_MONTAJE','INSTALADA','FACTURADA')),
        modelo_puerta varchar(255) not null,
        tenant_id uuid not null,
        customer_id uuid not null,
        primary key (id)
    )
2026-03-18T00:09:21.426+01:00 DEBUG 41356 --- [aluon-saas-backend] [           main] org.hibernate.SQL                        : 
    create table tenants (
        id uuid not null,
        cif varchar(255) not null,
        fecha_registro timestamp(6) not null,
        nombre_comercial varchar(255) not null,
        primary key (id)
    )
Hibernate: 
    create table tenants (
        id uuid not null,
        cif varchar(255) not null,
        fecha_registro timestamp(6) not null,
        nombre_comercial varchar(255) not null,
        primary key (id)
    )
2026-03-18T00:09:21.474+01:00 DEBUG 41356 --- [aluon-saas-backend] [           main] org.hibernate.SQL                        : 
    create table users (
        id uuid not null,
        password_hash varchar(255) not null,
        rol varchar(255) not null check (rol in ('SUPERADMIN','ADMIN','CONTABILIDAD','RRHH','ALMACEN','SOLDADOR','CONDUCTOR','MONTADOR')),
        tenant_id uuid not null,
        username varchar(255) not null,
        primary key (id)
    )
Hibernate: 
    create table users (
        id uuid not null,
        password_hash varchar(255) not null,
        rol varchar(255) not null check (rol in ('SUPERADMIN','ADMIN','CONTABILIDAD','RRHH','ALMACEN','SOLDADOR','CONDUCTOR','MONTADOR')),
        tenant_id uuid not null,
        username varchar(255) not null,
        primary key (id)
    )
2026-03-18T00:09:21.500+01:00 DEBUG 41356 --- [aluon-saas-backend] [           main] org.hibernate.SQL                        : 
    alter table if exists orders 
       drop constraint if exists UK_segeoe33hh8rfvim1w3f4fg0g
Hibernate: 
    alter table if exists orders 
       drop constraint if exists UK_segeoe33hh8rfvim1w3f4fg0g
2026-03-18T00:09:21.512+01:00  WARN 41356 --- [aluon-saas-backend] [           main] o.h.engine.jdbc.spi.SqlExceptionHelper   : SQL Warning Code: 0, SQLState: 00000
2026-03-18T00:09:21.513+01:00  WARN 41356 --- [aluon-saas-backend] [           main] o.h.engine.jdbc.spi.SqlExceptionHelper   : constraint "uk_segeoe33hh8rfvim1w3f4fg0g" of relation "orders" does not exist, skipping
2026-03-18T00:09:21.514+01:00 DEBUG 41356 --- [aluon-saas-backend] [           main] org.hibernate.SQL                        : 
    alter table if exists orders 
       add constraint UK_segeoe33hh8rfvim1w3f4fg0g unique (codigo_orden)
Hibernate: 
    alter table if exists orders 
       add constraint UK_segeoe33hh8rfvim1w3f4fg0g unique (codigo_orden)
2026-03-18T00:09:21.536+01:00 DEBUG 41356 --- [aluon-saas-backend] [           main] org.hibernate.SQL                        : 
    alter table if exists tenants 
       drop constraint if exists UK_rjps6cpa4xa86fiud18jtrp8v
Hibernate: 
    alter table if exists tenants 
       drop constraint if exists UK_rjps6cpa4xa86fiud18jtrp8v
2026-03-18T00:09:21.546+01:00  WARN 41356 --- [aluon-saas-backend] [           main] o.h.engine.jdbc.spi.SqlExceptionHelper   : SQL Warning Code: 0, SQLState: 00000
2026-03-18T00:09:21.547+01:00  WARN 41356 --- [aluon-saas-backend] [           main] o.h.engine.jdbc.spi.SqlExceptionHelper   : constraint "uk_rjps6cpa4xa86fiud18jtrp8v" of relation "tenants" does not exist, skipping
2026-03-18T00:09:21.547+01:00 DEBUG 41356 --- [aluon-saas-backend] [           main] org.hibernate.SQL                        : 
    alter table if exists tenants 
       add constraint UK_rjps6cpa4xa86fiud18jtrp8v unique (cif)
Hibernate: 
    alter table if exists tenants 
       add constraint UK_rjps6cpa4xa86fiud18jtrp8v unique (cif)
2026-03-18T00:09:21.565+01:00 DEBUG 41356 --- [aluon-saas-backend] [           main] org.hibernate.SQL                        : 
    alter table if exists users 
       drop constraint if exists UK_r43af9ap4edm43mmtq01oddj6
Hibernate: 
    alter table if exists users 
       drop constraint if exists UK_r43af9ap4edm43mmtq01oddj6
2026-03-18T00:09:21.575+01:00  WARN 41356 --- [aluon-saas-backend] [           main] o.h.engine.jdbc.spi.SqlExceptionHelper   : SQL Warning Code: 0, SQLState: 00000
2026-03-18T00:09:21.576+01:00  WARN 41356 --- [aluon-saas-backend] [           main] o.h.engine.jdbc.spi.SqlExceptionHelper   : constraint "uk_r43af9ap4edm43mmtq01oddj6" of relation "users" does not exist, skipping
2026-03-18T00:09:21.576+01:00 DEBUG 41356 --- [aluon-saas-backend] [           main] org.hibernate.SQL                        : 
    alter table if exists users 
       add constraint UK_r43af9ap4edm43mmtq01oddj6 unique (username)
Hibernate: 
    alter table if exists users 
       add constraint UK_r43af9ap4edm43mmtq01oddj6 unique (username)
2026-03-18T00:09:21.593+01:00 DEBUG 41356 --- [aluon-saas-backend] [           main] org.hibernate.SQL                        : 
    alter table if exists delivery_addresses 
       add constraint FK703ocx98yak3xear9i4a7p6m5 
       foreign key (customer_id) 
       references customers
Hibernate: 
    alter table if exists delivery_addresses 
       add constraint FK703ocx98yak3xear9i4a7p6m5 
       foreign key (customer_id) 
       references customers
2026-03-18T00:09:21.607+01:00 DEBUG 41356 --- [aluon-saas-backend] [           main] org.hibernate.SQL                        : 
    alter table if exists orders 
       add constraint FKpxtb8awmi0dk6smoh2vp1litg 
       foreign key (customer_id) 
       references customers
Hibernate: 
    alter table if exists orders 
       add constraint FKpxtb8awmi0dk6smoh2vp1litg 
       foreign key (customer_id) 
       references customers
2026-03-18T00:09:21.616+01:00  INFO 41356 --- [aluon-saas-backend] [           main] j.LocalContainerEntityManagerFactoryBean : Initialized JPA EntityManagerFactory for persistence unit 'default'
2026-03-18T00:09:22.019+01:00  WARN 41356 --- [aluon-saas-backend] [           main] JpaBaseConfiguration$JpaWebConfiguration : spring.jpa.open-in-view is enabled by default. Therefore, database queries may be performed during view rendering. Explicitly configure spring.jpa.open-in-view to disable this warning
2026-03-18T00:09:22.142+01:00 DEBUG 41356 --- [aluon-saas-backend] [           main] s.w.s.m.m.a.RequestMappingHandlerMapping : 7 mappings in 'requestMappingHandlerMapping'
2026-03-18T00:09:22.287+01:00 DEBUG 41356 --- [aluon-saas-backend] [           main] o.s.w.s.handler.SimpleUrlHandlerMapping  : Patterns [/webjars/**, /**] in 'resourceHandlerMapping'
2026-03-18T00:09:22.336+01:00 DEBUG 41356 --- [aluon-saas-backend] [           main] s.w.s.m.m.a.RequestMappingHandlerAdapter : ControllerAdvice beans: 0 @ModelAttribute, 0 @InitBinder, 1 RequestBodyAdvice, 1 ResponseBodyAdvice
2026-03-18T00:09:22.381+01:00 DEBUG 41356 --- [aluon-saas-backend] [           main] .m.m.a.ExceptionHandlerExceptionResolver : ControllerAdvice beans: 0 @ExceptionHandler, 1 ResponseBodyAdvice
2026-03-18T00:09:22.644+01:00  INFO 41356 --- [aluon-saas-backend] [           main] o.s.b.w.embedded.tomcat.TomcatWebServer  : Tomcat started on port 8080 (http) with context path ''
2026-03-18T00:09:22.667+01:00 DEBUG 41356 --- [aluon-saas-backend] [           main] .s.b.a.l.ConditionEvaluationReportLogger : 


============================
CONDITIONS EVALUATION REPORT
============================


Positive matches:
-----------------

   AopAutoConfiguration matched:
      - @ConditionalOnProperty (spring.aop.auto=true) matched (OnPropertyCondition)

   AopAutoConfiguration.AspectJAutoProxyingConfiguration matched:
      - @ConditionalOnClass found required class 'org.aspectj.weaver.Advice' (OnClassCondition)

   AopAutoConfiguration.AspectJAutoProxyingConfiguration.CglibAutoProxyConfiguration matched:
      - @ConditionalOnProperty (spring.aop.proxy-target-class=true) matched (OnPropertyCondition)

   ApplicationAvailabilityAutoConfiguration#applicationAvailability matched:
      - @ConditionalOnMissingBean (types: org.springframework.boot.availability.ApplicationAvailability; SearchStrategy: all) did not find any beans (OnBeanCondition)

   DataSourceAutoConfiguration matched:
      - @ConditionalOnClass found required classes 'javax.sql.DataSource', 'org.springframework.jdbc.datasource.embedded.EmbeddedDatabaseType' (OnClassCondition)
      - @ConditionalOnMissingBean (types: io.r2dbc.spi.ConnectionFactory; SearchStrategy: all) did not find any beans (OnBeanCondition)

   DataSourceAutoConfiguration.PooledDataSourceConfiguration matched:
      - AnyNestedCondition 1 matched 1 did not; NestedCondition on DataSourceAutoConfiguration.PooledDataSourceCondition.PooledDataSourceAvailable PooledDataSource found supported DataSource; NestedCondition on DataSourceAutoConfiguration.PooledDataSourceCondition.ExplicitType @ConditionalOnProperty (spring.datasource.type) did not find property 'type' (DataSourceAutoConfiguration.PooledDataSourceCondition)
      - @ConditionalOnMissingBean (types: javax.sql.DataSource,javax.sql.XADataSource; SearchStrategy: all) did not find any beans (OnBeanCondition)

   DataSourceAutoConfiguration.PooledDataSourceConfiguration#jdbcConnectionDetails matched:
      - @ConditionalOnMissingBean (types: org.springframework.boot.autoconfigure.jdbc.JdbcConnectionDetails; SearchStrategy: all) did not find any beans (OnBeanCondition)

   DataSourceConfiguration.Hikari matched:
      - @ConditionalOnClass found required class 'com.zaxxer.hikari.HikariDataSource' (OnClassCondition)
      - @ConditionalOnProperty (spring.datasource.type=com.zaxxer.hikari.HikariDataSource) matched (OnPropertyCondition)
      - @ConditionalOnMissingBean (types: javax.sql.DataSource; SearchStrategy: all) did not find any beans (OnBeanCondition)

   DataSourceInitializationConfiguration matched:
      - @ConditionalOnClass found required class 'org.springframework.jdbc.datasource.init.DatabasePopulator' (OnClassCondition)
      - @ConditionalOnSingleCandidate (types: javax.sql.DataSource; SearchStrategy: all) found a single bean 'dataSource'; @ConditionalOnMissingBean (types: org.springframework.boot.autoconfigure.sql.init.SqlDataSourceScriptDatabaseInitializer,org.springframework.boot.autoconfigure.sql.init.SqlR2dbcScriptDatabaseInitializer; SearchStrategy: all) did not find any beans (OnBeanCondition)

   DataSourceJmxConfiguration matched:
      - @ConditionalOnProperty (spring.jmx.enabled=true) matched (OnPropertyCondition)

   DataSourceJmxConfiguration.Hikari matched:
      - @ConditionalOnClass found required class 'com.zaxxer.hikari.HikariDataSource' (OnClassCondition)
      - @ConditionalOnSingleCandidate (types: javax.sql.DataSource; SearchStrategy: all) found a single bean 'dataSource' (OnBeanCondition)

   DataSourcePoolMetadataProvidersConfiguration.HikariPoolDataSourceMetadataProviderConfiguration matched:
      - @ConditionalOnClass found required class 'com.zaxxer.hikari.HikariDataSource' (OnClassCondition)

   DataSourceTransactionManagerAutoConfiguration matched:
      - @ConditionalOnClass found required classes 'org.springframework.jdbc.core.JdbcTemplate', 'org.springframework.transaction.TransactionManager' (OnClassCondition)

   DataSourceTransactionManagerAutoConfiguration.JdbcTransactionManagerConfiguration matched:
      - @ConditionalOnSingleCandidate (types: javax.sql.DataSource; SearchStrategy: all) found a single bean 'dataSource' (OnBeanCondition)

   DispatcherServletAutoConfiguration matched:
      - @ConditionalOnClass found required class 'org.springframework.web.servlet.DispatcherServlet' (OnClassCondition)
      - found 'session' scope (OnWebApplicationCondition)

   DispatcherServletAutoConfiguration.DispatcherServletConfiguration matched:
      - @ConditionalOnClass found required class 'jakarta.servlet.ServletRegistration' (OnClassCondition)
      - Default DispatcherServlet did not find dispatcher servlet beans (DispatcherServletAutoConfiguration.DefaultDispatcherServletCondition)

   DispatcherServletAutoConfiguration.DispatcherServletRegistrationConfiguration matched:
      - @ConditionalOnClass found required class 'jakarta.servlet.ServletRegistration' (OnClassCondition)
      - DispatcherServlet Registration did not find servlet registration bean (DispatcherServletAutoConfiguration.DispatcherServletRegistrationCondition)

   DispatcherServletAutoConfiguration.DispatcherServletRegistrationConfiguration#dispatcherServletRegistration matched:
      - @ConditionalOnBean (names: dispatcherServlet types: org.springframework.web.servlet.DispatcherServlet; SearchStrategy: all) found bean 'dispatcherServlet' (OnBeanCondition)

   EmbeddedWebServerFactoryCustomizerAutoConfiguration matched:
      - @ConditionalOnWebApplication (required) found 'session' scope (OnWebApplicationCondition)
      - @ConditionalOnWarDeployment the application is not deployed as a WAR file. (OnWarDeploymentCondition)

   EmbeddedWebServerFactoryCustomizerAutoConfiguration.TomcatWebServerFactoryCustomizerConfiguration matched:
      - @ConditionalOnClass found required classes 'org.apache.catalina.startup.Tomcat', 'org.apache.coyote.UpgradeProtocol' (OnClassCondition)

   ErrorMvcAutoConfiguration matched:
      - @ConditionalOnClass found required classes 'jakarta.servlet.Servlet', 'org.springframework.web.servlet.DispatcherServlet' (OnClassCondition)
      - found 'session' scope (OnWebApplicationCondition)

   ErrorMvcAutoConfiguration#basicErrorController matched:
      - @ConditionalOnMissingBean (types: org.springframework.boot.web.servlet.error.ErrorController; SearchStrategy: current) did not find any beans (OnBeanCondition)

   ErrorMvcAutoConfiguration#errorAttributes matched:
      - @ConditionalOnMissingBean (types: org.springframework.boot.web.servlet.error.ErrorAttributes; SearchStrategy: current) did not find any beans (OnBeanCondition)

   ErrorMvcAutoConfiguration.DefaultErrorViewResolverConfiguration#conventionErrorViewResolver matched:
      - @ConditionalOnBean (types: org.springframework.web.servlet.DispatcherServlet; SearchStrategy: all) found bean 'dispatcherServlet'; @ConditionalOnMissingBean (types: org.springframework.boot.autoconfigure.web.servlet.error.ErrorViewResolver; SearchStrategy: all) did not find any beans (OnBeanCondition)

   ErrorMvcAutoConfiguration.WhitelabelErrorViewConfiguration matched:
      - @ConditionalOnProperty (server.error.whitelabel.enabled) matched (OnPropertyCondition)
      - ErrorTemplate Missing did not find error template view (ErrorMvcAutoConfiguration.ErrorTemplateMissingCondition)

   ErrorMvcAutoConfiguration.WhitelabelErrorViewConfiguration#beanNameViewResolver matched:
      - @ConditionalOnMissingBean (types: org.springframework.web.servlet.view.BeanNameViewResolver; SearchStrategy: all) did not find any beans (OnBeanCondition)

   ErrorMvcAutoConfiguration.WhitelabelErrorViewConfiguration#defaultErrorView matched:
      - @ConditionalOnMissingBean (names: error; SearchStrategy: all) did not find any beans (OnBeanCondition)

   EventExternalizationAutoConfiguration matched:
      - @ConditionalOnProperty (spring.modulith.events.externalization.enabled=true) matched (OnPropertyCondition)

   EventExternalizationAutoConfiguration#eventExternalizationConfiguration matched:
      - @ConditionalOnMissingBean (types: org.springframework.modulith.events.EventExternalizationConfiguration; SearchStrategy: all) did not find any beans (OnBeanCondition)

   EventPublicationAutoConfiguration#applicationEventMulticaster matched:
      - @ConditionalOnBean (types: org.springframework.modulith.events.core.EventPublicationRegistry; SearchStrategy: all) found bean 'eventPublicationRegistry' (OnBeanCondition)

   EventPublicationAutoConfiguration#asyncPropertiesDefaulter matched:
      - @ConditionalOnProperty (spring.modulith.default-async-termination=true) matched (OnPropertyCondition)

   EventPublicationAutoConfiguration#completionRegisteringAdvisor matched:
      - @ConditionalOnBean (types: org.springframework.modulith.events.core.EventPublicationRegistry; SearchStrategy: all) found bean 'eventPublicationRegistry' (OnBeanCondition)

   EventPublicationAutoConfiguration#eventPublicationRegistry matched:
      - @ConditionalOnBean (types: org.springframework.modulith.events.core.EventPublicationRepository; SearchStrategy: all) found bean 'jpaEventPublicationRepository' (OnBeanCondition)

   EventPublicationAutoConfiguration.AsyncEnablingConfiguration matched:
      - @ConditionalOnMissingBean (types: org.springframework.scheduling.annotation.AbstractAsyncConfiguration; SearchStrategy: all) did not find any beans (OnBeanCondition)

   GenericCacheConfiguration matched:
      - Cache org.springframework.boot.autoconfigure.cache.GenericCacheConfiguration automatic cache type (CacheCondition)

   HibernateJpaAutoConfiguration matched:
      - @ConditionalOnClass found required classes 'org.springframework.orm.jpa.LocalContainerEntityManagerFactoryBean', 'jakarta.persistence.EntityManager', 'org.hibernate.engine.spi.SessionImplementor' (OnClassCondition)

   HibernateJpaConfiguration matched:
      - @ConditionalOnSingleCandidate (types: javax.sql.DataSource; SearchStrategy: all) found a single bean 'dataSource' (OnBeanCondition)

   HttpEncodingAutoConfiguration matched:
      - @ConditionalOnClass found required class 'org.springframework.web.filter.CharacterEncodingFilter' (OnClassCondition)
      - found 'session' scope (OnWebApplicationCondition)
      - @ConditionalOnProperty (server.servlet.encoding.enabled) matched (OnPropertyCondition)

   HttpEncodingAutoConfiguration#characterEncodingFilter matched:
      - @ConditionalOnMissingBean (types: org.springframework.web.filter.CharacterEncodingFilter; SearchStrategy: all) did not find any beans (OnBeanCondition)

   HttpMessageConvertersAutoConfiguration matched:
      - @ConditionalOnClass found required class 'org.springframework.http.converter.HttpMessageConverter' (OnClassCondition)
      - NoneNestedConditions 0 matched 1 did not; NestedCondition on HttpMessageConvertersAutoConfiguration.NotReactiveWebApplicationCondition.ReactiveWebApplication did not find reactive web application classes (HttpMessageConvertersAutoConfiguration.NotReactiveWebApplicationCondition)

   HttpMessageConvertersAutoConfiguration#messageConverters matched:
      - @ConditionalOnMissingBean (types: org.springframework.boot.autoconfigure.http.HttpMessageConverters; SearchStrategy: all) did not find any beans (OnBeanCondition)

   HttpMessageConvertersAutoConfiguration.StringHttpMessageConverterConfiguration matched:
      - @ConditionalOnClass found required class 'org.springframework.http.converter.StringHttpMessageConverter' (OnClassCondition)

   HttpMessageConvertersAutoConfiguration.StringHttpMessageConverterConfiguration#stringHttpMessageConverter matched:
      - @ConditionalOnMissingBean (types: org.springframework.http.converter.StringHttpMessageConverter; SearchStrategy: all) did not find any beans (OnBeanCondition)

   JacksonAutoConfiguration matched:
      - @ConditionalOnClass found required class 'com.fasterxml.jackson.databind.ObjectMapper' (OnClassCondition)

   JacksonAutoConfiguration.Jackson2ObjectMapperBuilderCustomizerConfiguration matched:
      - @ConditionalOnClass found required class 'org.springframework.http.converter.json.Jackson2ObjectMapperBuilder' (OnClassCondition)

   JacksonAutoConfiguration.JacksonObjectMapperBuilderConfiguration matched:
      - @ConditionalOnClass found required class 'org.springframework.http.converter.json.Jackson2ObjectMapperBuilder' (OnClassCondition)

   JacksonAutoConfiguration.JacksonObjectMapperBuilderConfiguration#jacksonObjectMapperBuilder matched:
      - @ConditionalOnMissingBean (types: org.springframework.http.converter.json.Jackson2ObjectMapperBuilder; SearchStrategy: all) did not find any beans (OnBeanCondition)

   JacksonAutoConfiguration.JacksonObjectMapperConfiguration matched:
      - @ConditionalOnClass found required class 'org.springframework.http.converter.json.Jackson2ObjectMapperBuilder' (OnClassCondition)

   JacksonAutoConfiguration.JacksonObjectMapperConfiguration#jacksonObjectMapper matched:
      - @ConditionalOnMissingBean (types: com.fasterxml.jackson.databind.ObjectMapper; SearchStrategy: all) did not find any beans (OnBeanCondition)

   JacksonAutoConfiguration.ParameterNamesModuleConfiguration matched:
      - @ConditionalOnClass found required class 'com.fasterxml.jackson.module.paramnames.ParameterNamesModule' (OnClassCondition)

   JacksonAutoConfiguration.ParameterNamesModuleConfiguration#parameterNamesModule matched:
      - @ConditionalOnMissingBean (types: com.fasterxml.jackson.module.paramnames.ParameterNamesModule; SearchStrategy: all) did not find any beans (OnBeanCondition)

   JacksonHttpMessageConvertersConfiguration.MappingJackson2HttpMessageConverterConfiguration matched:
      - @ConditionalOnClass found required class 'com.fasterxml.jackson.databind.ObjectMapper' (OnClassCondition)
      - @ConditionalOnProperty (spring.mvc.converters.preferred-json-mapper=jackson) matched (OnPropertyCondition)
      - @ConditionalOnBean (types: com.fasterxml.jackson.databind.ObjectMapper; SearchStrategy: all) found bean 'jacksonObjectMapper' (OnBeanCondition)

   JacksonHttpMessageConvertersConfiguration.MappingJackson2HttpMessageConverterConfiguration#mappingJackson2HttpMessageConverter matched:
      - @ConditionalOnMissingBean (types: org.springframework.http.converter.json.MappingJackson2HttpMessageConverter ignored: org.springframework.hateoas.server.mvc.TypeConstrainedMappingJackson2HttpMessageConverter,org.springframework.data.rest.webmvc.alps.AlpsJsonHttpMessageConverter; SearchStrategy: all) did not find any beans (OnBeanCondition)

   JdbcClientAutoConfiguration matched:
      - @ConditionalOnSingleCandidate (types: org.springframework.jdbc.core.namedparam.NamedParameterJdbcTemplate; SearchStrategy: all) found a single bean 'namedParameterJdbcTemplate'; @ConditionalOnMissingBean (types: org.springframework.jdbc.core.simple.JdbcClient; SearchStrategy: all) did not find any beans (OnBeanCondition)

   JdbcTemplateAutoConfiguration matched:
      - @ConditionalOnClass found required classes 'javax.sql.DataSource', 'org.springframework.jdbc.core.JdbcTemplate' (OnClassCondition)
      - @ConditionalOnSingleCandidate (types: javax.sql.DataSource; SearchStrategy: all) found a single bean 'dataSource' (OnBeanCondition)

   JdbcTemplateConfiguration matched:
      - @ConditionalOnMissingBean (types: org.springframework.jdbc.core.JdbcOperations; SearchStrategy: all) did not find any beans (OnBeanCondition)

   JpaBaseConfiguration#entityManagerFactory matched:
      - @ConditionalOnMissingBean (types: org.springframework.orm.jpa.LocalContainerEntityManagerFactoryBean,jakarta.persistence.EntityManagerFactory; SearchStrategy: all) did not find any beans (OnBeanCondition)

   JpaBaseConfiguration#entityManagerFactoryBuilder matched:
      - @ConditionalOnMissingBean (types: org.springframework.boot.orm.jpa.EntityManagerFactoryBuilder; SearchStrategy: all) did not find any beans (OnBeanCondition)

   JpaBaseConfiguration#jpaVendorAdapter matched:
      - @ConditionalOnMissingBean (types: org.springframework.orm.jpa.JpaVendorAdapter; SearchStrategy: all) did not find any beans (OnBeanCondition)

   JpaBaseConfiguration#transactionManager matched:
      - @ConditionalOnMissingBean (types: org.springframework.transaction.TransactionManager; SearchStrategy: all) did not find any beans (OnBeanCondition)

   JpaBaseConfiguration.JpaWebConfiguration matched:
      - @ConditionalOnClass found required class 'org.springframework.web.servlet.config.annotation.WebMvcConfigurer' (OnClassCondition)
      - found 'session' scope (OnWebApplicationCondition)
      - @ConditionalOnProperty (spring.jpa.open-in-view=true) matched (OnPropertyCondition)
      - @ConditionalOnMissingBean (types: org.springframework.orm.jpa.support.OpenEntityManagerInViewInterceptor,org.springframework.orm.jpa.support.OpenEntityManagerInViewFilter; SearchStrategy: all) did not find any beans (OnBeanCondition)

   JpaBaseConfiguration.PersistenceManagedTypesConfiguration matched:
      - @ConditionalOnMissingBean (types: org.springframework.orm.jpa.LocalContainerEntityManagerFactoryBean,jakarta.persistence.EntityManagerFactory; SearchStrategy: all) did not find any beans (OnBeanCondition)

   JpaBaseConfiguration.PersistenceManagedTypesConfiguration#persistenceManagedTypes matched:
      - @ConditionalOnMissingBean (types: org.springframework.orm.jpa.persistenceunit.PersistenceManagedTypes; SearchStrategy: all) did not find any beans (OnBeanCondition)

   JpaRepositoriesAutoConfiguration matched:
      - @ConditionalOnClass found required class 'org.springframework.data.jpa.repository.JpaRepository' (OnClassCondition)
      - @ConditionalOnProperty (spring.data.jpa.repositories.enabled=true) matched (OnPropertyCondition)
      - @ConditionalOnBean (types: javax.sql.DataSource; SearchStrategy: all) found bean 'dataSource'; @ConditionalOnMissingBean (types: org.springframework.data.jpa.repository.support.JpaRepositoryFactoryBean,org.springframework.data.jpa.repository.config.JpaRepositoryConfigExtension; SearchStrategy: all) did not find any beans (OnBeanCondition)

   JtaAutoConfiguration matched:
      - @ConditionalOnClass found required class 'jakarta.transaction.Transaction' (OnClassCondition)
      - @ConditionalOnProperty (spring.jta.enabled) matched (OnPropertyCondition)

   LifecycleAutoConfiguration#defaultLifecycleProcessor matched:
      - @ConditionalOnMissingBean (names: lifecycleProcessor; SearchStrategy: current) did not find any beans (OnBeanCondition)

   MomentsAutoConfiguration matched:
      - @ConditionalOnProperty (spring.modulith.moments.enabled=true) matched (OnPropertyCondition)

   MomentsAutoConfiguration#moments matched:
      - @ConditionalOnProperty (spring.modulith.moments.enable-time-machine=false) matched (OnPropertyCondition)

   MultipartAutoConfiguration matched:
      - @ConditionalOnClass found required classes 'jakarta.servlet.Servlet', 'org.springframework.web.multipart.support.StandardServletMultipartResolver', 'jakarta.servlet.MultipartConfigElement' (OnClassCondition)
      - found 'session' scope (OnWebApplicationCondition)
      - @ConditionalOnProperty (spring.servlet.multipart.enabled) matched (OnPropertyCondition)

   MultipartAutoConfiguration#multipartConfigElement matched:
      - @ConditionalOnMissingBean (types: jakarta.servlet.MultipartConfigElement; SearchStrategy: all) did not find any beans (OnBeanCondition)

   MultipartAutoConfiguration#multipartResolver matched:
      - @ConditionalOnMissingBean (types: org.springframework.web.multipart.MultipartResolver; SearchStrategy: all) did not find any beans (OnBeanCondition)

   NamedParameterJdbcTemplateConfiguration matched:
      - @ConditionalOnSingleCandidate (types: org.springframework.jdbc.core.JdbcTemplate; SearchStrategy: all) found a single bean 'jdbcTemplate'; @ConditionalOnMissingBean (types: org.springframework.jdbc.core.namedparam.NamedParameterJdbcOperations; SearchStrategy: all) did not find any beans (OnBeanCondition)

   NoOpCacheConfiguration matched:
      - Cache org.springframework.boot.autoconfigure.cache.NoOpCacheConfiguration automatic cache type (CacheCondition)

   PersistenceExceptionTranslationAutoConfiguration matched:
      - @ConditionalOnClass found required class 'org.springframework.dao.annotation.PersistenceExceptionTranslationPostProcessor' (OnClassCondition)

   PersistenceExceptionTranslationAutoConfiguration#persistenceExceptionTranslationPostProcessor matched:
      - @ConditionalOnProperty (spring.dao.exceptiontranslation.enabled) matched (OnPropertyCondition)
      - @ConditionalOnMissingBean (types: org.springframework.dao.annotation.PersistenceExceptionTranslationPostProcessor; SearchStrategy: all) did not find any beans (OnBeanCondition)

   PropertyPlaceholderAutoConfiguration#propertySourcesPlaceholderConfigurer matched:
      - @ConditionalOnMissingBean (types: org.springframework.context.support.PropertySourcesPlaceholderConfigurer; SearchStrategy: current) did not find any beans (OnBeanCondition)

   RestClientAutoConfiguration matched:
      - @ConditionalOnClass found required class 'org.springframework.web.client.RestClient' (OnClassCondition)
      - NoneNestedConditions 0 matched 1 did not; NestedCondition on NotReactiveWebApplicationCondition.ReactiveWebApplication did not find reactive web application classes (NotReactiveWebApplicationCondition)

   RestClientAutoConfiguration#httpMessageConvertersRestClientCustomizer matched:
      - @ConditionalOnMissingBean (types: org.springframework.boot.autoconfigure.web.client.HttpMessageConvertersRestClientCustomizer; SearchStrategy: all) did not find any beans (OnBeanCondition)

   RestClientAutoConfiguration#restClientBuilder matched:
      - @ConditionalOnMissingBean (types: org.springframework.web.client.RestClient$Builder; SearchStrategy: all) did not find any beans (OnBeanCondition)

   RestClientAutoConfiguration#restClientBuilderConfigurer matched:
      - @ConditionalOnMissingBean (types: org.springframework.boot.autoconfigure.web.client.RestClientBuilderConfigurer; SearchStrategy: all) did not find any beans (OnBeanCondition)

   RestClientAutoConfiguration#restClientSsl matched:
      - @ConditionalOnBean (types: org.springframework.boot.ssl.SslBundles; SearchStrategy: all) found bean 'sslBundleRegistry'; @ConditionalOnMissingBean (types: org.springframework.boot.autoconfigure.web.client.RestClientSsl; SearchStrategy: all) did not find any beans (OnBeanCondition)

   RestTemplateAutoConfiguration matched:
      - @ConditionalOnClass found required class 'org.springframework.web.client.RestTemplate' (OnClassCondition)
      - NoneNestedConditions 0 matched 1 did not; NestedCondition on NotReactiveWebApplicationCondition.ReactiveWebApplication did not find reactive web application classes (NotReactiveWebApplicationCondition)

   RestTemplateAutoConfiguration#restTemplateBuilder matched:
      - @ConditionalOnMissingBean (types: org.springframework.boot.web.client.RestTemplateBuilder; SearchStrategy: all) did not find any beans (OnBeanCondition)

   ServletWebServerFactoryAutoConfiguration matched:
      - @ConditionalOnClass found required class 'jakarta.servlet.ServletRequest' (OnClassCondition)
      - found 'session' scope (OnWebApplicationCondition)

   ServletWebServerFactoryAutoConfiguration#tomcatServletWebServerFactoryCustomizer matched:
      - @ConditionalOnClass found required class 'org.apache.catalina.startup.Tomcat' (OnClassCondition)

   ServletWebServerFactoryConfiguration.EmbeddedTomcat matched:
      - @ConditionalOnClass found required classes 'jakarta.servlet.Servlet', 'org.apache.catalina.startup.Tomcat', 'org.apache.coyote.UpgradeProtocol' (OnClassCondition)
      - @ConditionalOnMissingBean (types: org.springframework.boot.web.servlet.server.ServletWebServerFactory; SearchStrategy: current) did not find any beans (OnBeanCondition)

   SimpleCacheConfiguration matched:
      - Cache org.springframework.boot.autoconfigure.cache.SimpleCacheConfiguration automatic cache type (CacheCondition)

   SpringDataWebAutoConfiguration matched:
      - @ConditionalOnClass found required classes 'org.springframework.data.web.PageableHandlerMethodArgumentResolver', 'org.springframework.web.servlet.config.annotation.WebMvcConfigurer' (OnClassCondition)
      - found 'session' scope (OnWebApplicationCondition)
      - @ConditionalOnMissingBean (types: org.springframework.data.web.PageableHandlerMethodArgumentResolver; SearchStrategy: all) did not find any beans (OnBeanCondition)

   SpringDataWebAutoConfiguration#pageableCustomizer matched:
      - @ConditionalOnMissingBean (types: org.springframework.data.web.config.PageableHandlerMethodArgumentResolverCustomizer; SearchStrategy: all) did not find any beans (OnBeanCondition)

   SpringDataWebAutoConfiguration#sortCustomizer matched:
      - @ConditionalOnMissingBean (types: org.springframework.data.web.config.SortHandlerMethodArgumentResolverCustomizer; SearchStrategy: all) did not find any beans (OnBeanCondition)

   SqlInitializationAutoConfiguration matched:
      - @ConditionalOnProperty (spring.sql.init.enabled) matched (OnPropertyCondition)
      - NoneNestedConditions 0 matched 1 did not; NestedCondition on SqlInitializationAutoConfiguration.SqlInitializationModeCondition.ModeIsNever @ConditionalOnProperty (spring.sql.init.mode=never) did not find property 'mode' (SqlInitializationAutoConfiguration.SqlInitializationModeCondition)

   SslAutoConfiguration#sslBundleRegistry matched:
      - @ConditionalOnMissingBean (types: org.springframework.boot.ssl.SslBundleRegistry,org.springframework.boot.ssl.SslBundles; SearchStrategy: all) did not find any beans (OnBeanCondition)

   TaskExecutionAutoConfiguration matched:
      - @ConditionalOnClass found required class 'org.springframework.scheduling.concurrent.ThreadPoolTaskExecutor' (OnClassCondition)

   TaskExecutorConfigurations.SimpleAsyncTaskExecutorBuilderConfiguration#simpleAsyncTaskExecutorBuilder matched:
      - @ConditionalOnMissingBean (types: org.springframework.boot.task.SimpleAsyncTaskExecutorBuilder; SearchStrategy: all) did not find any beans (OnBeanCondition)
      - @ConditionalOnThreading found PLATFORM (OnThreadingCondition)

   TaskExecutorConfigurations.TaskExecutorBuilderConfiguration#taskExecutorBuilder matched:
      - @ConditionalOnMissingBean (types: org.springframework.boot.task.TaskExecutorBuilder; SearchStrategy: all) did not find any beans (OnBeanCondition)

   TaskExecutorConfigurations.TaskExecutorConfiguration matched:
      - @ConditionalOnMissingBean (types: java.util.concurrent.Executor; SearchStrategy: all) did not find any beans (OnBeanCondition)

   TaskExecutorConfigurations.TaskExecutorConfiguration#applicationTaskExecutor matched:
      - @ConditionalOnThreading found PLATFORM (OnThreadingCondition)

   TaskExecutorConfigurations.ThreadPoolTaskExecutorBuilderConfiguration#threadPoolTaskExecutorBuilder matched:
      - @ConditionalOnMissingBean (types: org.springframework.boot.task.TaskExecutorBuilder,org.springframework.boot.task.ThreadPoolTaskExecutorBuilder; SearchStrategy: all) did not find any beans (OnBeanCondition)

   TaskSchedulingAutoConfiguration matched:
      - @ConditionalOnClass found required class 'org.springframework.scheduling.concurrent.ThreadPoolTaskScheduler' (OnClassCondition)

   TaskSchedulingConfigurations.SimpleAsyncTaskSchedulerBuilderConfiguration#simpleAsyncTaskSchedulerBuilder matched:
      - @ConditionalOnMissingBean (types: org.springframework.boot.task.SimpleAsyncTaskSchedulerBuilder; SearchStrategy: all) did not find any beans (OnBeanCondition)
      - @ConditionalOnThreading found PLATFORM (OnThreadingCondition)

   TaskSchedulingConfigurations.TaskSchedulerBuilderConfiguration#taskSchedulerBuilder matched:
      - @ConditionalOnMissingBean (types: org.springframework.boot.task.TaskSchedulerBuilder; SearchStrategy: all) did not find any beans (OnBeanCondition)

   TaskSchedulingConfigurations.ThreadPoolTaskSchedulerBuilderConfiguration#threadPoolTaskSchedulerBuilder matched:
      - @ConditionalOnMissingBean (types: org.springframework.boot.task.TaskSchedulerBuilder,org.springframework.boot.task.ThreadPoolTaskSchedulerBuilder; SearchStrategy: all) did not find any beans (OnBeanCondition)

   TransactionAutoConfiguration matched:
      - @ConditionalOnClass found required class 'org.springframework.transaction.PlatformTransactionManager' (OnClassCondition)

   TransactionAutoConfiguration.EnableTransactionManagementConfiguration matched:
      - @ConditionalOnBean (types: org.springframework.transaction.TransactionManager; SearchStrategy: all) found bean 'transactionManager'; @ConditionalOnMissingBean (types: org.springframework.transaction.annotation.AbstractTransactionManagementConfiguration; SearchStrategy: all) did not find any beans (OnBeanCondition)

   TransactionAutoConfiguration.EnableTransactionManagementConfiguration.CglibAutoProxyConfiguration matched:
      - @ConditionalOnProperty (spring.aop.proxy-target-class=true) matched (OnPropertyCondition)

   TransactionAutoConfiguration.TransactionTemplateConfiguration matched:
      - @ConditionalOnSingleCandidate (types: org.springframework.transaction.PlatformTransactionManager; SearchStrategy: all) found a single bean 'transactionManager' (OnBeanCondition)

   TransactionAutoConfiguration.TransactionTemplateConfiguration#transactionTemplate matched:
      - @ConditionalOnMissingBean (types: org.springframework.transaction.support.TransactionOperations; SearchStrategy: all) did not find any beans (OnBeanCondition)

   TransactionManagerCustomizationAutoConfiguration matched:
      - @ConditionalOnClass found required class 'org.springframework.transaction.PlatformTransactionManager' (OnClassCondition)

   TransactionManagerCustomizationAutoConfiguration#platformTransactionManagerCustomizers matched:
      - @ConditionalOnMissingBean (types: org.springframework.boot.autoconfigure.transaction.TransactionManagerCustomizers; SearchStrategy: all) did not find any beans (OnBeanCondition)

   WebMvcAutoConfiguration matched:
      - @ConditionalOnClass found required classes 'jakarta.servlet.Servlet', 'org.springframework.web.servlet.DispatcherServlet', 'org.springframework.web.servlet.config.annotation.WebMvcConfigurer' (OnClassCondition)
      - found 'session' scope (OnWebApplicationCondition)
      - @ConditionalOnMissingBean (types: org.springframework.web.servlet.config.annotation.WebMvcConfigurationSupport; SearchStrategy: all) did not find any beans (OnBeanCondition)

   WebMvcAutoConfiguration#formContentFilter matched:
      - @ConditionalOnProperty (spring.mvc.formcontent.filter.enabled) matched (OnPropertyCondition)
      - @ConditionalOnMissingBean (types: org.springframework.web.filter.FormContentFilter; SearchStrategy: all) did not find any beans (OnBeanCondition)

   WebMvcAutoConfiguration.EnableWebMvcConfiguration#flashMapManager matched:
      - @ConditionalOnMissingBean (names: flashMapManager; SearchStrategy: all) did not find any beans (OnBeanCondition)

   WebMvcAutoConfiguration.EnableWebMvcConfiguration#localeResolver matched:
      - @ConditionalOnMissingBean (names: localeResolver; SearchStrategy: all) did not find any beans (OnBeanCondition)

   WebMvcAutoConfiguration.EnableWebMvcConfiguration#themeResolver matched:
      - @ConditionalOnMissingBean (names: themeResolver; SearchStrategy: all) did not find any beans (OnBeanCondition)

   WebMvcAutoConfiguration.WebMvcAutoConfigurationAdapter#defaultViewResolver matched:
      - @ConditionalOnMissingBean (types: org.springframework.web.servlet.view.InternalResourceViewResolver; SearchStrategy: all) did not find any beans (OnBeanCondition)

   WebMvcAutoConfiguration.WebMvcAutoConfigurationAdapter#requestContextFilter matched:
      - @ConditionalOnMissingBean (types: org.springframework.web.context.request.RequestContextListener,org.springframework.web.filter.RequestContextFilter; SearchStrategy: all) did not find any beans (OnBeanCondition)

   WebMvcAutoConfiguration.WebMvcAutoConfigurationAdapter#viewResolver matched:
      - @ConditionalOnBean (types: org.springframework.web.servlet.ViewResolver; SearchStrategy: all) found beans 'defaultViewResolver', 'beanNameViewResolver', 'mvcViewResolver'; @ConditionalOnMissingBean (names: viewResolver types: org.springframework.web.servlet.view.ContentNegotiatingViewResolver; SearchStrategy: all) did not find any beans (OnBeanCondition)

   WebSocketServletAutoConfiguration matched:
      - @ConditionalOnClass found required classes 'jakarta.servlet.Servlet', 'jakarta.websocket.server.ServerContainer' (OnClassCondition)
      - found 'session' scope (OnWebApplicationCondition)

   WebSocketServletAutoConfiguration.TomcatWebSocketConfiguration matched:
      - @ConditionalOnClass found required classes 'org.apache.catalina.startup.Tomcat', 'org.apache.tomcat.websocket.server.WsSci' (OnClassCondition)

   WebSocketServletAutoConfiguration.TomcatWebSocketConfiguration#websocketServletWebServerCustomizer matched:
      - @ConditionalOnMissingBean (names: websocketServletWebServerCustomizer; SearchStrategy: all) did not find any beans (OnBeanCondition)


Negative matches:
-----------------

   ActiveMQAutoConfiguration:
      Did not match:
         - @ConditionalOnClass did not find required class 'jakarta.jms.ConnectionFactory' (OnClassCondition)

   AopAutoConfiguration.AspectJAutoProxyingConfiguration.JdkDynamicAutoProxyConfiguration:
      Did not match:
         - @ConditionalOnProperty (spring.aop.proxy-target-class=false) did not find property 'proxy-target-class' (OnPropertyCondition)

   AopAutoConfiguration.ClassProxyingConfiguration:
      Did not match:
         - @ConditionalOnMissingClass found unwanted class 'org.aspectj.weaver.Advice' (OnClassCondition)

   ArtemisAutoConfiguration:
      Did not match:
         - @ConditionalOnClass did not find required class 'jakarta.jms.ConnectionFactory' (OnClassCondition)

   BatchAutoConfiguration:
      Did not match:
         - @ConditionalOnClass did not find required class 'org.springframework.batch.core.launch.JobLauncher' (OnClassCondition)

   Cache2kCacheConfiguration:
      Did not match:
         - @ConditionalOnClass did not find required class 'org.cache2k.Cache2kBuilder' (OnClassCondition)

   CacheAutoConfiguration:
      Did not match:
         - @ConditionalOnBean (types: org.springframework.cache.interceptor.CacheAspectSupport; SearchStrategy: all) did not find any beans of type org.springframework.cache.interceptor.CacheAspectSupport (OnBeanCondition)
      Matched:
         - @ConditionalOnClass found required class 'org.springframework.cache.CacheManager' (OnClassCondition)

   CacheAutoConfiguration.CacheManagerEntityManagerFactoryDependsOnPostProcessor:
      Did not match:
         - Ancestor org.springframework.boot.autoconfigure.cache.CacheAutoConfiguration did not match (ConditionEvaluationReport.AncestorsMatchedCondition)
      Matched:
         - @ConditionalOnClass found required class 'org.springframework.orm.jpa.LocalContainerEntityManagerFactoryBean' (OnClassCondition)

   CaffeineCacheConfiguration:
      Did not match:
         - @ConditionalOnClass did not find required class 'com.github.benmanes.caffeine.cache.Caffeine' (OnClassCondition)

   CassandraAutoConfiguration:
      Did not match:
         - @ConditionalOnClass did not find required class 'com.datastax.oss.driver.api.core.CqlSession' (OnClassCondition)

   CassandraDataAutoConfiguration:
      Did not match:
         - @ConditionalOnClass did not find required class 'com.datastax.oss.driver.api.core.CqlSession' (OnClassCondition)

   CassandraReactiveDataAutoConfiguration:
      Did not match:
         - @ConditionalOnClass did not find required class 'com.datastax.oss.driver.api.core.CqlSession' (OnClassCondition)

   CassandraReactiveRepositoriesAutoConfiguration:
      Did not match:
         - @ConditionalOnClass did not find required class 'org.springframework.data.cassandra.ReactiveSession' (OnClassCondition)

   CassandraRepositoriesAutoConfiguration:
      Did not match:
         - @ConditionalOnClass did not find required class 'com.datastax.oss.driver.api.core.CqlSession' (OnClassCondition)

   ClientHttpConnectorAutoConfiguration:
      Did not match:
         - @ConditionalOnClass did not find required class 'org.springframework.web.reactive.function.client.WebClient' (OnClassCondition)

   CodecsAutoConfiguration:
      Did not match:
         - @ConditionalOnClass did not find required class 'org.springframework.web.reactive.function.client.WebClient' (OnClassCondition)

   CouchbaseAutoConfiguration:
      Did not match:
         - @ConditionalOnClass did not find required class 'com.couchbase.client.java.Cluster' (OnClassCondition)

   CouchbaseCacheConfiguration:
      Did not match:
         - @ConditionalOnClass did not find required class 'com.couchbase.client.java.Cluster' (OnClassCondition)

   CouchbaseDataAutoConfiguration:
      Did not match:
         - @ConditionalOnClass did not find required class 'com.couchbase.client.java.Bucket' (OnClassCondition)

   CouchbaseReactiveDataAutoConfiguration:
      Did not match:
         - @ConditionalOnClass did not find required class 'com.couchbase.client.java.Cluster' (OnClassCondition)

   CouchbaseReactiveRepositoriesAutoConfiguration:
      Did not match:
         - @ConditionalOnClass did not find required class 'com.couchbase.client.java.Cluster' (OnClassCondition)

   CouchbaseRepositoriesAutoConfiguration:
      Did not match:
         - @ConditionalOnClass did not find required class 'com.couchbase.client.java.Bucket' (OnClassCondition)

   DataSourceAutoConfiguration.EmbeddedDatabaseConfiguration:
      Did not match:
         - EmbeddedDataSource spring.datasource.url is set (DataSourceAutoConfiguration.EmbeddedDatabaseCondition)

   DataSourceCheckpointRestoreConfiguration:
      Did not match:
         - @ConditionalOnClass did not find required class 'org.crac.Resource' (OnClassCondition)

   DataSourceConfiguration.Dbcp2:
      Did not match:
         - @ConditionalOnClass did not find required class 'org.apache.commons.dbcp2.BasicDataSource' (OnClassCondition)

   DataSourceConfiguration.Generic:
      Did not match:
         - @ConditionalOnProperty (spring.datasource.type) did not find property 'spring.datasource.type' (OnPropertyCondition)

   DataSourceConfiguration.OracleUcp:
      Did not match:
         - @ConditionalOnClass did not find required classes 'oracle.ucp.jdbc.PoolDataSourceImpl', 'oracle.jdbc.OracleConnection' (OnClassCondition)

   DataSourceConfiguration.Tomcat:
      Did not match:
         - @ConditionalOnClass did not find required class 'org.apache.tomcat.jdbc.pool.DataSource' (OnClassCondition)

   DataSourceJmxConfiguration.TomcatDataSourceJmxConfiguration:
      Did not match:
         - @ConditionalOnClass did not find required class 'org.apache.tomcat.jdbc.pool.DataSourceProxy' (OnClassCondition)

   DataSourcePoolMetadataProvidersConfiguration.CommonsDbcp2PoolDataSourceMetadataProviderConfiguration:
      Did not match:
         - @ConditionalOnClass did not find required class 'org.apache.commons.dbcp2.BasicDataSource' (OnClassCondition)

   DataSourcePoolMetadataProvidersConfiguration.OracleUcpPoolDataSourceMetadataProviderConfiguration:
      Did not match:
         - @ConditionalOnClass did not find required classes 'oracle.ucp.jdbc.PoolDataSource', 'oracle.jdbc.OracleConnection' (OnClassCondition)

   DataSourcePoolMetadataProvidersConfiguration.TomcatDataSourcePoolMetadataProviderConfiguration:
      Did not match:
         - @ConditionalOnClass did not find required class 'org.apache.tomcat.jdbc.pool.DataSource' (OnClassCondition)

   DataSourceTransactionManagerAutoConfiguration.JdbcTransactionManagerConfiguration#transactionManager:
      Did not match:
         - @ConditionalOnMissingBean (types: org.springframework.transaction.TransactionManager; SearchStrategy: all) found beans of type 'org.springframework.transaction.TransactionManager' transactionManager (OnBeanCondition)

   DispatcherServletAutoConfiguration.DispatcherServletConfiguration#multipartResolver:
      Did not match:
         - @ConditionalOnBean (types: org.springframework.web.multipart.MultipartResolver; SearchStrategy: all) did not find any beans of type org.springframework.web.multipart.MultipartResolver (OnBeanCondition)

   ElasticsearchClientAutoConfiguration:
      Did not match:
         - @ConditionalOnClass did not find required class 'co.elastic.clients.elasticsearch.ElasticsearchClient' (OnClassCondition)

   ElasticsearchDataAutoConfiguration:
      Did not match:
         - @ConditionalOnClass did not find required class 'org.springframework.data.elasticsearch.client.elc.ElasticsearchTemplate' (OnClassCondition)

   ElasticsearchRepositoriesAutoConfiguration:
      Did not match:
         - @ConditionalOnClass did not find required class 'org.springframework.data.elasticsearch.repository.ElasticsearchRepository' (OnClassCondition)

   ElasticsearchRestClientAutoConfiguration:
      Did not match:
         - @ConditionalOnClass did not find required class 'org.elasticsearch.client.RestClientBuilder' (OnClassCondition)

   EmbeddedLdapAutoConfiguration:
      Did not match:
         - @ConditionalOnClass did not find required class 'com.unboundid.ldap.listener.InMemoryDirectoryServer' (OnClassCondition)

   EmbeddedWebServerFactoryCustomizerAutoConfiguration.JettyWebServerFactoryCustomizerConfiguration:
      Did not match:
         - @ConditionalOnClass did not find required classes 'org.eclipse.jetty.server.Server', 'org.eclipse.jetty.util.Loader', 'org.eclipse.jetty.ee10.webapp.WebAppContext' (OnClassCondition)

   EmbeddedWebServerFactoryCustomizerAutoConfiguration.NettyWebServerFactoryCustomizerConfiguration:
      Did not match:
         - @ConditionalOnClass did not find required class 'reactor.netty.http.server.HttpServer' (OnClassCondition)

   EmbeddedWebServerFactoryCustomizerAutoConfiguration.TomcatWebServerFactoryCustomizerConfiguration#tomcatVirtualThreadsProtocolHandlerCustomizer:
      Did not match:
         - @ConditionalOnThreading did not find VIRTUAL (OnThreadingCondition)

   EmbeddedWebServerFactoryCustomizerAutoConfiguration.UndertowWebServerFactoryCustomizerConfiguration:
      Did not match:
         - @ConditionalOnClass did not find required classes 'io.undertow.Undertow', 'org.xnio.SslClientAuthMode' (OnClassCondition)

   ErrorWebFluxAutoConfiguration:
      Did not match:
         - @ConditionalOnClass did not find required class 'org.springframework.web.reactive.config.WebFluxConfigurer' (OnClassCondition)

   FlywayAutoConfiguration:
      Did not match:
         - @ConditionalOnClass did not find required class 'org.flywaydb.core.Flyway' (OnClassCondition)

   FreeMarkerAutoConfiguration:
      Did not match:
         - @ConditionalOnClass did not find required class 'freemarker.template.Configuration' (OnClassCondition)

   GraphQlAutoConfiguration:
      Did not match:
         - @ConditionalOnClass did not find required class 'graphql.GraphQL' (OnClassCondition)

   GraphQlQueryByExampleAutoConfiguration:
      Did not match:
         - @ConditionalOnClass did not find required class 'graphql.GraphQL' (OnClassCondition)

   GraphQlQuerydslAutoConfiguration:
      Did not match:
         - @ConditionalOnClass did not find required class 'com.querydsl.core.Query' (OnClassCondition)

   GraphQlRSocketAutoConfiguration:
      Did not match:
         - @ConditionalOnClass did not find required class 'graphql.GraphQL' (OnClassCondition)

   GraphQlReactiveQueryByExampleAutoConfiguration:
      Did not match:
         - @ConditionalOnClass did not find required class 'graphql.GraphQL' (OnClassCondition)

   GraphQlReactiveQuerydslAutoConfiguration:
      Did not match:
         - @ConditionalOnClass did not find required class 'com.querydsl.core.Query' (OnClassCondition)

   GraphQlWebFluxAutoConfiguration:
      Did not match:
         - @ConditionalOnClass did not find required class 'graphql.GraphQL' (OnClassCondition)

   GraphQlWebFluxSecurityAutoConfiguration:
      Did not match:
         - @ConditionalOnClass did not find required class 'graphql.GraphQL' (OnClassCondition)

   GraphQlWebMvcAutoConfiguration:
      Did not match:
         - @ConditionalOnClass did not find required class 'graphql.GraphQL' (OnClassCondition)

   GraphQlWebMvcSecurityAutoConfiguration:
      Did not match:
         - @ConditionalOnClass did not find required class 'graphql.GraphQL' (OnClassCondition)

   GroovyTemplateAutoConfiguration:
      Did not match:
         - @ConditionalOnClass did not find required class 'groovy.text.markup.MarkupTemplateEngine' (OnClassCondition)

   GsonAutoConfiguration:
      Did not match:
         - @ConditionalOnClass did not find required class 'com.google.gson.Gson' (OnClassCondition)

   GsonHttpMessageConvertersConfiguration:
      Did not match:
         - @ConditionalOnClass did not find required class 'com.google.gson.Gson' (OnClassCondition)

   H2ConsoleAutoConfiguration:
      Did not match:
         - @ConditionalOnClass did not find required class 'org.h2.server.web.JakartaWebServlet' (OnClassCondition)

   HazelcastAutoConfiguration:
      Did not match:
         - @ConditionalOnClass did not find required class 'com.hazelcast.core.HazelcastInstance' (OnClassCondition)

   HazelcastCacheConfiguration:
      Did not match:
         - @ConditionalOnClass did not find required class 'com.hazelcast.core.HazelcastInstance' (OnClassCondition)

   HazelcastJpaDependencyAutoConfiguration:
      Did not match:
         - @ConditionalOnClass did not find required class 'com.hazelcast.core.HazelcastInstance' (OnClassCondition)

   HttpHandlerAutoConfiguration:
      Did not match:
         - @ConditionalOnClass did not find required class 'org.springframework.web.reactive.DispatcherHandler' (OnClassCondition)

   HypermediaAutoConfiguration:
      Did not match:
         - @ConditionalOnClass did not find required class 'org.springframework.hateoas.EntityModel' (OnClassCondition)

   InfinispanCacheConfiguration:
      Did not match:
         - @ConditionalOnClass did not find required class 'org.infinispan.spring.embedded.provider.SpringEmbeddedCacheManager' (OnClassCondition)

   InfluxDbAutoConfiguration:
      Did not match:
         - @ConditionalOnClass did not find required class 'org.influxdb.InfluxDB' (OnClassCondition)

   IntegrationAutoConfiguration:
      Did not match:
         - @ConditionalOnClass did not find required class 'org.springframework.integration.config.EnableIntegration' (OnClassCondition)

   JCacheCacheConfiguration:
      Did not match:
         - @ConditionalOnClass did not find required class 'javax.cache.Caching' (OnClassCondition)

   JacksonHttpMessageConvertersConfiguration.MappingJackson2XmlHttpMessageConverterConfiguration:
      Did not match:
         - @ConditionalOnClass did not find required class 'com.fasterxml.jackson.dataformat.xml.XmlMapper' (OnClassCondition)

   JdbcRepositoriesAutoConfiguration:
      Did not match:
         - @ConditionalOnClass did not find required class 'org.springframework.data.jdbc.repository.config.AbstractJdbcConfiguration' (OnClassCondition)

   JerseyAutoConfiguration:
      Did not match:
         - @ConditionalOnClass did not find required class 'org.glassfish.jersey.server.spring.SpringComponentProvider' (OnClassCondition)

   JmsAutoConfiguration:
      Did not match:
         - @ConditionalOnClass did not find required class 'jakarta.jms.Message' (OnClassCondition)

   JmxAutoConfiguration:
      Did not match:
         - @ConditionalOnProperty (spring.jmx.enabled=true) did not find property 'enabled' (OnPropertyCondition)
      Matched:
         - @ConditionalOnClass found required class 'org.springframework.jmx.export.MBeanExporter' (OnClassCondition)

   JndiConnectionFactoryAutoConfiguration:
      Did not match:
         - @ConditionalOnClass did not find required class 'org.springframework.jms.core.JmsTemplate' (OnClassCondition)

   JndiDataSourceAutoConfiguration:
      Did not match:
         - @ConditionalOnProperty (spring.datasource.jndi-name) did not find property 'jndi-name' (OnPropertyCondition)
      Matched:
         - @ConditionalOnClass found required classes 'javax.sql.DataSource', 'org.springframework.jdbc.datasource.embedded.EmbeddedDatabaseType' (OnClassCondition)

   JndiJtaConfiguration:
      Did not match:
         - @ConditionalOnJndi JNDI environment is not available (OnJndiCondition)
      Matched:
         - @ConditionalOnClass found required class 'org.springframework.transaction.jta.JtaTransactionManager' (OnClassCondition)

   JooqAutoConfiguration:
      Did not match:
         - @ConditionalOnClass did not find required class 'org.jooq.DSLContext' (OnClassCondition)

   JpaRepositoriesAutoConfiguration#entityManagerFactoryBootstrapExecutorCustomizer:
      Did not match:
         - AnyNestedCondition 0 matched 2 did not; NestedCondition on JpaRepositoriesAutoConfiguration.BootstrapExecutorCondition.LazyBootstrapMode @ConditionalOnProperty (spring.data.jpa.repositories.bootstrap-mode=lazy) did not find property 'bootstrap-mode'; NestedCondition on JpaRepositoriesAutoConfiguration.BootstrapExecutorCondition.DeferredBootstrapMode @ConditionalOnProperty (spring.data.jpa.repositories.bootstrap-mode=deferred) did not find property 'bootstrap-mode' (JpaRepositoriesAutoConfiguration.BootstrapExecutorCondition)

   JsonbAutoConfiguration:
      Did not match:
         - @ConditionalOnClass did not find required class 'jakarta.json.bind.Jsonb' (OnClassCondition)

   JsonbHttpMessageConvertersConfiguration:
      Did not match:
         - @ConditionalOnClass did not find required class 'jakarta.json.bind.Jsonb' (OnClassCondition)

   KafkaAutoConfiguration:
      Did not match:
         - @ConditionalOnClass did not find required class 'org.springframework.kafka.core.KafkaTemplate' (OnClassCondition)

   LdapAutoConfiguration:
      Did not match:
         - @ConditionalOnClass did not find required class 'org.springframework.ldap.core.ContextSource' (OnClassCondition)

   LdapRepositoriesAutoConfiguration:
      Did not match:
         - @ConditionalOnClass did not find required class 'org.springframework.data.ldap.repository.LdapRepository' (OnClassCondition)

   LiquibaseAutoConfiguration:
      Did not match:
         - @ConditionalOnClass did not find required class 'liquibase.change.DatabaseChange' (OnClassCondition)

   MailSenderAutoConfiguration:
      Did not match:
         - @ConditionalOnClass did not find required class 'jakarta.mail.internet.MimeMessage' (OnClassCondition)

   MailSenderValidatorAutoConfiguration:
      Did not match:
         - @ConditionalOnSingleCandidate did not find required type 'org.springframework.mail.javamail.JavaMailSenderImpl' (OnBeanCondition)

   MessageSourceAutoConfiguration:
      Did not match:
         - ResourceBundle did not find bundle with basename messages (MessageSourceAutoConfiguration.ResourceBundleCondition)

   MomentsAutoConfiguration#timeMachine:
      Did not match:
         - @ConditionalOnProperty (spring.modulith.moments.enable-time-machine=true) did not find property 'spring.modulith.moments.enable-time-machine' (OnPropertyCondition)

   MongoAutoConfiguration:
      Did not match:
         - @ConditionalOnClass did not find required class 'com.mongodb.client.MongoClient' (OnClassCondition)

   MongoDataAutoConfiguration:
      Did not match:
         - @ConditionalOnClass did not find required class 'com.mongodb.client.MongoClient' (OnClassCondition)

   MongoReactiveAutoConfiguration:
      Did not match:
         - @ConditionalOnClass did not find required class 'com.mongodb.reactivestreams.client.MongoClient' (OnClassCondition)

   MongoReactiveDataAutoConfiguration:
      Did not match:
         - @ConditionalOnClass did not find required class 'com.mongodb.reactivestreams.client.MongoClient' (OnClassCondition)

   MongoReactiveRepositoriesAutoConfiguration:
      Did not match:
         - @ConditionalOnClass did not find required class 'com.mongodb.reactivestreams.client.MongoClient' (OnClassCondition)

   MongoRepositoriesAutoConfiguration:
      Did not match:
         - @ConditionalOnClass did not find required class 'com.mongodb.client.MongoClient' (OnClassCondition)

   MustacheAutoConfiguration:
      Did not match:
         - @ConditionalOnClass did not find required class 'com.samskivert.mustache.Mustache' (OnClassCondition)

   Neo4jAutoConfiguration:
      Did not match:
         - @ConditionalOnClass did not find required class 'org.neo4j.driver.Driver' (OnClassCondition)

   Neo4jDataAutoConfiguration:
      Did not match:
         - @ConditionalOnClass did not find required class 'org.neo4j.driver.Driver' (OnClassCondition)

   Neo4jReactiveDataAutoConfiguration:
      Did not match:
         - @ConditionalOnClass did not find required class 'org.neo4j.driver.Driver' (OnClassCondition)

   Neo4jReactiveRepositoriesAutoConfiguration:
      Did not match:
         - @ConditionalOnClass did not find required class 'org.neo4j.driver.Driver' (OnClassCondition)

   Neo4jRepositoriesAutoConfiguration:
      Did not match:
         - @ConditionalOnClass did not find required class 'org.neo4j.driver.Driver' (OnClassCondition)

   NettyAutoConfiguration:
      Did not match:
         - @ConditionalOnClass did not find required class 'io.netty.util.NettyRuntime' (OnClassCondition)

   OAuth2AuthorizationServerAutoConfiguration:
      Did not match:
         - @ConditionalOnClass did not find required class 'org.springframework.security.oauth2.server.authorization.OAuth2Authorization' (OnClassCondition)

   OAuth2AuthorizationServerJwtAutoConfiguration:
      Did not match:
         - @ConditionalOnClass did not find required class 'org.springframework.security.oauth2.server.authorization.OAuth2Authorization' (OnClassCondition)

   OAuth2ClientAutoConfiguration:
      Did not match:
         - @ConditionalOnClass did not find required class 'org.springframework.security.config.annotation.web.configuration.EnableWebSecurity' (OnClassCondition)

   OAuth2ResourceServerAutoConfiguration:
      Did not match:
         - @ConditionalOnClass did not find required class 'org.springframework.security.oauth2.server.resource.authentication.BearerTokenAuthenticationToken' (OnClassCondition)

   ProjectInfoAutoConfiguration#buildProperties:
      Did not match:
         - @ConditionalOnResource did not find resource '${spring.info.build.location:classpath:META-INF/build-info.properties}' (OnResourceCondition)

   ProjectInfoAutoConfiguration#gitProperties:
      Did not match:
         - GitResource did not find git info at classpath:git.properties (ProjectInfoAutoConfiguration.GitResourceAvailableCondition)

   PulsarAutoConfiguration:
      Did not match:
         - @ConditionalOnClass did not find required class 'org.apache.pulsar.client.api.PulsarClient' (OnClassCondition)

   PulsarReactiveAutoConfiguration:
      Did not match:
         - @ConditionalOnClass did not find required class 'org.apache.pulsar.client.api.PulsarClient' (OnClassCondition)

   QuartzAutoConfiguration:
      Did not match:
         - @ConditionalOnClass did not find required class 'org.quartz.Scheduler' (OnClassCondition)

   R2dbcAutoConfiguration:
      Did not match:
         - @ConditionalOnClass did not find required class 'io.r2dbc.spi.ConnectionFactory' (OnClassCondition)

   R2dbcDataAutoConfiguration:
      Did not match:
         - @ConditionalOnClass did not find required class 'org.springframework.data.r2dbc.core.R2dbcEntityTemplate' (OnClassCondition)

   R2dbcInitializationConfiguration:
      Did not match:
         - @ConditionalOnClass did not find required classes 'io.r2dbc.spi.ConnectionFactory', 'org.springframework.r2dbc.connection.init.DatabasePopulator' (OnClassCondition)

   R2dbcRepositoriesAutoConfiguration:
      Did not match:
         - @ConditionalOnClass did not find required class 'io.r2dbc.spi.ConnectionFactory' (OnClassCondition)

   R2dbcTransactionManagerAutoConfiguration:
      Did not match:
         - @ConditionalOnClass did not find required class 'org.springframework.r2dbc.connection.R2dbcTransactionManager' (OnClassCondition)

   RSocketGraphQlClientAutoConfiguration:
      Did not match:
         - @ConditionalOnClass did not find required class 'graphql.GraphQL' (OnClassCondition)

   RSocketMessagingAutoConfiguration:
      Did not match:
         - @ConditionalOnClass did not find required class 'io.rsocket.RSocket' (OnClassCondition)

   RSocketRequesterAutoConfiguration:
      Did not match:
         - @ConditionalOnClass did not find required class 'io.rsocket.RSocket' (OnClassCondition)

   RSocketSecurityAutoConfiguration:
      Did not match:
         - @ConditionalOnClass did not find required class 'org.springframework.security.rsocket.core.SecuritySocketAcceptorInterceptor' (OnClassCondition)

   RSocketServerAutoConfiguration:
      Did not match:
         - @ConditionalOnClass did not find required class 'io.rsocket.core.RSocketServer' (OnClassCondition)

   RSocketStrategiesAutoConfiguration:
      Did not match:
         - @ConditionalOnClass did not find required class 'io.netty.buffer.PooledByteBufAllocator' (OnClassCondition)

   RabbitAutoConfiguration:
      Did not match:
         - @ConditionalOnClass did not find required class 'com.rabbitmq.client.Channel' (OnClassCondition)

   ReactiveElasticsearchClientAutoConfiguration:
      Did not match:
         - @ConditionalOnClass did not find required class 'co.elastic.clients.transport.ElasticsearchTransport' (OnClassCondition)

   ReactiveElasticsearchRepositoriesAutoConfiguration:
      Did not match:
         - @ConditionalOnClass did not find required class 'org.springframework.data.elasticsearch.client.elc.ReactiveElasticsearchClient' (OnClassCondition)

   ReactiveMultipartAutoConfiguration:
      Did not match:
         - @ConditionalOnClass did not find required class 'org.springframework.web.reactive.config.WebFluxConfigurer' (OnClassCondition)

   ReactiveOAuth2ClientAutoConfiguration:
      Did not match:
         - @ConditionalOnClass did not find required class 'reactor.core.publisher.Flux' (OnClassCondition)

   ReactiveOAuth2ResourceServerAutoConfiguration:
      Did not match:
         - @ConditionalOnClass did not find required class 'org.springframework.security.config.annotation.web.reactive.EnableWebFluxSecurity' (OnClassCondition)

   ReactiveSecurityAutoConfiguration:
      Did not match:
         - @ConditionalOnClass did not find required class 'reactor.core.publisher.Flux' (OnClassCondition)

   ReactiveUserDetailsServiceAutoConfiguration:
      Did not match:
         - @ConditionalOnClass did not find required class 'org.springframework.security.authentication.ReactiveAuthenticationManager' (OnClassCondition)

   ReactiveWebServerFactoryAutoConfiguration:
      Did not match:
         - @ConditionalOnWebApplication did not find reactive web application classes (OnWebApplicationCondition)

   ReactorAutoConfiguration:
      Did not match:
         - @ConditionalOnClass did not find required class 'reactor.core.publisher.Hooks' (OnClassCondition)

   RedisAutoConfiguration:
      Did not match:
         - @ConditionalOnClass did not find required class 'org.springframework.data.redis.core.RedisOperations' (OnClassCondition)

   RedisCacheConfiguration:
      Did not match:
         - @ConditionalOnClass did not find required class 'org.springframework.data.redis.connection.RedisConnectionFactory' (OnClassCondition)

   RedisReactiveAutoConfiguration:
      Did not match:
         - @ConditionalOnClass did not find required class 'reactor.core.publisher.Flux' (OnClassCondition)

   RedisRepositoriesAutoConfiguration:
      Did not match:
         - @ConditionalOnClass did not find required class 'org.springframework.data.redis.repository.configuration.EnableRedisRepositories' (OnClassCondition)

   RepositoryRestMvcAutoConfiguration:
      Did not match:
         - @ConditionalOnClass did not find required class 'org.springframework.data.rest.webmvc.config.RepositoryRestMvcConfiguration' (OnClassCondition)

   Saml2RelyingPartyAutoConfiguration:
      Did not match:
         - @ConditionalOnClass did not find required class 'org.springframework.security.saml2.provider.service.registration.RelyingPartyRegistrationRepository' (OnClassCondition)

   SecurityAutoConfiguration:
      Did not match:
         - @ConditionalOnClass did not find required class 'org.springframework.security.authentication.DefaultAuthenticationEventPublisher' (OnClassCondition)

   SecurityFilterAutoConfiguration:
      Did not match:
         - @ConditionalOnClass did not find required class 'org.springframework.security.config.http.SessionCreationPolicy' (OnClassCondition)

   SendGridAutoConfiguration:
      Did not match:
         - @ConditionalOnClass did not find required class 'com.sendgrid.SendGrid' (OnClassCondition)

   ServletWebServerFactoryAutoConfiguration.ForwardedHeaderFilterConfiguration:
      Did not match:
         - @ConditionalOnProperty (server.forward-headers-strategy=framework) did not find property 'server.forward-headers-strategy' (OnPropertyCondition)

   ServletWebServerFactoryConfiguration.EmbeddedJetty:
      Did not match:
         - @ConditionalOnClass did not find required classes 'org.eclipse.jetty.server.Server', 'org.eclipse.jetty.util.Loader', 'org.eclipse.jetty.ee10.webapp.WebAppContext' (OnClassCondition)

   ServletWebServerFactoryConfiguration.EmbeddedUndertow:
      Did not match:
         - @ConditionalOnClass did not find required classes 'io.undertow.Undertow', 'org.xnio.SslClientAuthMode' (OnClassCondition)

   SessionAutoConfiguration:
      Did not match:
         - @ConditionalOnClass did not find required class 'org.springframework.session.Session' (OnClassCondition)

   SpringApplicationAdminJmxAutoConfiguration:
      Did not match:
         - @ConditionalOnProperty (spring.application.admin.enabled=true) did not find property 'enabled' (OnPropertyCondition)

   TaskExecutorConfigurations.SimpleAsyncTaskExecutorBuilderConfiguration#simpleAsyncTaskExecutorBuilderVirtualThreads:
      Did not match:
         - @ConditionalOnMissingBean (types: org.springframework.boot.task.SimpleAsyncTaskExecutorBuilder; SearchStrategy: all) found beans of type 'org.springframework.boot.task.SimpleAsyncTaskExecutorBuilder' simpleAsyncTaskExecutorBuilder (OnBeanCondition)

   TaskExecutorConfigurations.TaskExecutorConfiguration#applicationTaskExecutorVirtualThreads:
      Did not match:
         - @ConditionalOnThreading did not find VIRTUAL (OnThreadingCondition)

   TaskSchedulingAutoConfiguration#scheduledBeanLazyInitializationExcludeFilter:
      Did not match:
         - @ConditionalOnBean (names: org.springframework.context.annotation.internalScheduledAnnotationProcessor; SearchStrategy: all) did not find any beans named org.springframework.context.annotation.internalScheduledAnnotationProcessor (OnBeanCondition)

   TaskSchedulingConfigurations.SimpleAsyncTaskSchedulerBuilderConfiguration#simpleAsyncTaskSchedulerBuilderVirtualThreads:
      Did not match:
         - @ConditionalOnMissingBean (types: org.springframework.boot.task.SimpleAsyncTaskSchedulerBuilder; SearchStrategy: all) found beans of type 'org.springframework.boot.task.SimpleAsyncTaskSchedulerBuilder' simpleAsyncTaskSchedulerBuilder (OnBeanCondition)

   TaskSchedulingConfigurations.TaskSchedulerConfiguration:
      Did not match:
         - @ConditionalOnBean (names: org.springframework.context.annotation.internalScheduledAnnotationProcessor; SearchStrategy: all) did not find any beans named org.springframework.context.annotation.internalScheduledAnnotationProcessor (OnBeanCondition)

   ThymeleafAutoConfiguration:
      Did not match:
         - @ConditionalOnClass did not find required class 'org.thymeleaf.spring6.SpringTemplateEngine' (OnClassCondition)

   TransactionAutoConfiguration#transactionalOperator:
      Did not match:
         - @ConditionalOnSingleCandidate (types: org.springframework.transaction.ReactiveTransactionManager; SearchStrategy: all) did not find any beans (OnBeanCondition)

   TransactionAutoConfiguration.AspectJTransactionManagementConfiguration:
      Did not match:
         - @ConditionalOnBean (types: org.springframework.transaction.aspectj.AbstractTransactionAspect; SearchStrategy: all) did not find any beans of type org.springframework.transaction.aspectj.AbstractTransactionAspect (OnBeanCondition)

   TransactionAutoConfiguration.EnableTransactionManagementConfiguration.JdkDynamicAutoProxyConfiguration:
      Did not match:
         - @ConditionalOnProperty (spring.aop.proxy-target-class=false) did not find property 'proxy-target-class' (OnPropertyCondition)

   UserDetailsServiceAutoConfiguration:
      Did not match:
         - @ConditionalOnClass did not find required class 'org.springframework.security.authentication.AuthenticationManager' (OnClassCondition)

   ValidationAutoConfiguration:
      Did not match:
         - @ConditionalOnClass did not find required class 'jakarta.validation.executable.ExecutableValidator' (OnClassCondition)

   WebClientAutoConfiguration:
      Did not match:
         - @ConditionalOnClass did not find required class 'org.springframework.web.reactive.function.client.WebClient' (OnClassCondition)

   WebFluxAutoConfiguration:
      Did not match:
         - @ConditionalOnClass did not find required class 'org.springframework.web.reactive.config.WebFluxConfigurer' (OnClassCondition)

   WebMvcAutoConfiguration#hiddenHttpMethodFilter:
      Did not match:
         - @ConditionalOnProperty (spring.mvc.hiddenmethod.filter.enabled) did not find property 'enabled' (OnPropertyCondition)

   WebMvcAutoConfiguration.ProblemDetailsErrorHandlingConfiguration:
      Did not match:
         - @ConditionalOnProperty (spring.mvc.problemdetails.enabled=true) did not find property 'enabled' (OnPropertyCondition)

   WebMvcAutoConfiguration.ResourceChainCustomizerConfiguration:
      Did not match:
         - @ConditionalOnEnabledResourceChain did not find class org.webjars.WebJarAssetLocator (OnEnabledResourceChainCondition)

   WebMvcAutoConfiguration.WebMvcAutoConfigurationAdapter#beanNameViewResolver:
      Did not match:
         - @ConditionalOnMissingBean (types: org.springframework.web.servlet.view.BeanNameViewResolver; SearchStrategy: all) found beans of type 'org.springframework.web.servlet.view.BeanNameViewResolver' beanNameViewResolver (OnBeanCondition)

   WebServiceTemplateAutoConfiguration:
      Did not match:
         - @ConditionalOnClass did not find required class 'org.springframework.oxm.Marshaller' (OnClassCondition)

   WebServicesAutoConfiguration:
      Did not match:
         - @ConditionalOnClass did not find required class 'org.springframework.ws.transport.http.MessageDispatcherServlet' (OnClassCondition)

   WebSessionIdResolverAutoConfiguration:
      Did not match:
         - @ConditionalOnClass did not find required class 'reactor.core.publisher.Mono' (OnClassCondition)

   WebSocketMessagingAutoConfiguration:
      Did not match:
         - @ConditionalOnClass did not find required class 'org.springframework.web.socket.config.annotation.WebSocketMessageBrokerConfigurer' (OnClassCondition)

   WebSocketReactiveAutoConfiguration:
      Did not match:
         - @ConditionalOnWebApplication did not find reactive web application classes (OnWebApplicationCondition)

   WebSocketServletAutoConfiguration.JettyWebSocketConfiguration:
      Did not match:
         - @ConditionalOnClass did not find required class 'org.eclipse.jetty.ee10.websocket.jakarta.server.config.JakartaWebSocketServletContainerInitializer' (OnClassCondition)

   WebSocketServletAutoConfiguration.UndertowWebSocketConfiguration:
      Did not match:
         - @ConditionalOnClass did not find required class 'io.undertow.websockets.jsr.Bootstrap' (OnClassCondition)

   XADataSourceAutoConfiguration:
      Did not match:
         - @ConditionalOnBean (types: org.springframework.boot.jdbc.XADataSourceWrapper; SearchStrategy: all) did not find any beans of type org.springframework.boot.jdbc.XADataSourceWrapper (OnBeanCondition)
      Matched:
         - @ConditionalOnClass found required classes 'javax.sql.DataSource', 'jakarta.transaction.TransactionManager', 'org.springframework.jdbc.datasource.embedded.EmbeddedDatabaseType' (OnClassCondition)


Exclusions:
-----------

    None


Unconditional classes:
----------------------

    org.springframework.boot.autoconfigure.context.ConfigurationPropertiesAutoConfiguration

    org.springframework.modulith.events.jackson.JacksonEventSerializationConfiguration

    org.springframework.modulith.events.jpa.JpaEventPublicationAutoConfiguration

    org.springframework.boot.autoconfigure.ssl.SslAutoConfiguration

    org.springframework.boot.autoconfigure.context.LifecycleAutoConfiguration

    org.springframework.boot.autoconfigure.context.PropertyPlaceholderAutoConfiguration

    org.springframework.modulith.core.config.ApplicationModuleInitializerRuntimeVerification

    org.springframework.boot.autoconfigure.availability.ApplicationAvailabilityAutoConfiguration

    org.springframework.modulith.events.config.EventPublicationAutoConfiguration

    org.springframework.boot.autoconfigure.info.ProjectInfoAutoConfiguration



2026-03-18T00:09:22.672+01:00  INFO 41356 --- [aluon-saas-backend] [           main] o.s.s.config.TaskSchedulerRouter         : No TaskScheduler/ScheduledExecutorService bean found for scheduled processing
2026-03-18T00:09:22.685+01:00  INFO 41356 --- [aluon-saas-backend] [           main] com.aluon.AluonApplication               : Started AluonApplication in 5.913 seconds (process running for 6.295)
2026-03-18T00:09:22.689+01:00 DEBUG 41356 --- [aluon-saas-backend] [           main] o.s.b.a.ApplicationAvailabilityBean      : Application availability state LivenessState changed to CORRECT
2026-03-18T00:09:22.693+01:00 DEBUG 41356 --- [aluon-saas-backend] [           main] o.s.b.a.ApplicationAvailabilityBean      : Application availability state ReadinessState changed to ACCEPTING_TRAFFIC
2026-03-18T00:09:30.600+01:00  INFO 41356 --- [aluon-saas-backend] [nio-8080-exec-4] o.a.c.c.C.[Tomcat].[localhost].[/]       : Initializing Spring DispatcherServlet 'dispatcherServlet'
2026-03-18T00:09:30.601+01:00  INFO 41356 --- [aluon-saas-backend] [nio-8080-exec-4] o.s.web.servlet.DispatcherServlet        : Initializing Servlet 'dispatcherServlet'
2026-03-18T00:09:30.601+01:00 DEBUG 41356 --- [aluon-saas-backend] [nio-8080-exec-4] o.s.web.servlet.DispatcherServlet        : Detected StandardServletMultipartResolver
2026-03-18T00:09:30.601+01:00 DEBUG 41356 --- [aluon-saas-backend] [nio-8080-exec-4] o.s.web.servlet.DispatcherServlet        : Detected AcceptHeaderLocaleResolver
2026-03-18T00:09:30.601+01:00 DEBUG 41356 --- [aluon-saas-backend] [nio-8080-exec-4] o.s.web.servlet.DispatcherServlet        : Detected FixedThemeResolver
2026-03-18T00:09:30.604+01:00 DEBUG 41356 --- [aluon-saas-backend] [nio-8080-exec-4] o.s.web.servlet.DispatcherServlet        : Detected org.springframework.web.servlet.view.DefaultRequestToViewNameTranslator@64e247e
2026-03-18T00:09:30.605+01:00 DEBUG 41356 --- [aluon-saas-backend] [nio-8080-exec-4] o.s.web.servlet.DispatcherServlet        : Detected org.springframework.web.servlet.support.SessionFlashMapManager@1f229c40
2026-03-18T00:09:30.609+01:00 DEBUG 41356 --- [aluon-saas-backend] [nio-8080-exec-4] o.s.web.servlet.DispatcherServlet        : enableLoggingRequestDetails='false': request parameters and headers will be masked to prevent unsafe logging of potentially sensitive data
2026-03-18T00:09:30.609+01:00  INFO 41356 --- [aluon-saas-backend] [nio-8080-exec-4] o.s.web.servlet.DispatcherServlet        : Completed initialization in 8 ms
2026-03-18T00:09:30.618+01:00 DEBUG 41356 --- [aluon-saas-backend] [nio-8080-exec-4] o.s.web.servlet.DispatcherServlet        : POST "/api/customers", parameters={}
2026-03-18T00:09:30.628+01:00 DEBUG 41356 --- [aluon-saas-backend] [nio-8080-exec-4] s.w.s.m.m.a.RequestMappingHandlerMapping : Mapped to com.aluon.crm.customer.CustomerController#create(Customer)
2026-03-18T00:09:30.760+01:00 DEBUG 41356 --- [aluon-saas-backend] [nio-8080-exec-4] o.s.web.method.HandlerMethod             : Could not resolve parameter [0] in public com.aluon.crm.customer.Customer com.aluon.crm.customer.CustomerController.create(com.aluon.crm.customer.Customer): JSON parse error: Invalid UTF-8 middle byte 0x27
2026-03-18T00:09:30.765+01:00  WARN 41356 --- [aluon-saas-backend] [nio-8080-exec-4] .w.s.m.s.DefaultHandlerExceptionResolver : Resolved [org.springframework.http.converter.HttpMessageNotReadableException: JSON parse error: Invalid UTF-8 middle byte 0x27]
2026-03-18T00:09:30.765+01:00 DEBUG 41356 --- [aluon-saas-backend] [nio-8080-exec-4] o.s.web.servlet.DispatcherServlet        : Completed 400 BAD_REQUEST
2026-03-18T00:09:30.775+01:00 DEBUG 41356 --- [aluon-saas-backend] [nio-8080-exec-4] o.s.web.servlet.DispatcherServlet        : "ERROR" dispatch for POST "/error", parameters={}
2026-03-18T00:09:30.781+01:00 DEBUG 41356 --- [aluon-saas-backend] [nio-8080-exec-4] s.w.s.m.m.a.RequestMappingHandlerMapping : Mapped to org.springframework.boot.autoconfigure.web.servlet.error.BasicErrorController#error(HttpServletRequest)
2026-03-18T00:09:30.794+01:00 DEBUG 41356 --- [aluon-saas-backend] [nio-8080-exec-4] o.s.w.s.m.m.a.HttpEntityMethodProcessor  : Using 'application/json', given [*/*] and supported [application/json, application/*+json]
2026-03-18T00:09:30.794+01:00 DEBUG 41356 --- [aluon-saas-backend] [nio-8080-exec-4] o.s.w.s.m.m.a.HttpEntityMethodProcessor  : Writing [{timestamp=Wed Mar 18 00:09:30 CET 2026, status=400, error=Bad Request, path=/api/customers}]
2026-03-18T00:09:30.809+01:00 DEBUG 41356 --- [aluon-saas-backend] [nio-8080-exec-4] o.s.web.servlet.DispatcherServlet        : Exiting from "ERROR" dispatch, status 400
2026-03-18T00:09:30.950+01:00 DEBUG 41356 --- [aluon-saas-backend] [nio-8080-exec-5] o.s.web.servlet.DispatcherServlet        : POST "/api/customers", parameters={}
2026-03-18T00:09:30.951+01:00 DEBUG 41356 --- [aluon-saas-backend] [nio-8080-exec-5] s.w.s.m.m.a.RequestMappingHandlerMapping : Mapped to com.aluon.crm.customer.CustomerController#create(Customer)
2026-03-18T00:09:30.951+01:00 DEBUG 41356 --- [aluon-saas-backend] [nio-8080-exec-5] o.s.web.method.HandlerMethod             : Could not resolve parameter [0] in public com.aluon.crm.customer.Customer com.aluon.crm.customer.CustomerController.create(com.aluon.crm.customer.Customer): JSON parse error: Invalid UTF-8 middle byte 0x27
2026-03-18T00:09:30.951+01:00  WARN 41356 --- [aluon-saas-backend] [nio-8080-exec-5] .w.s.m.s.DefaultHandlerExceptionResolver : Resolved [org.springframework.http.converter.HttpMessageNotReadableException: JSON parse error: Invalid UTF-8 middle byte 0x27]
2026-03-18T00:09:30.951+01:00 DEBUG 41356 --- [aluon-saas-backend] [nio-8080-exec-5] o.s.web.servlet.DispatcherServlet        : Completed 400 BAD_REQUEST
2026-03-18T00:09:30.951+01:00 DEBUG 41356 --- [aluon-saas-backend] [nio-8080-exec-5] o.s.web.servlet.DispatcherServlet        : "ERROR" dispatch for POST "/error", parameters={}
2026-03-18T00:09:30.951+01:00 DEBUG 41356 --- [aluon-saas-backend] [nio-8080-exec-5] s.w.s.m.m.a.RequestMappingHandlerMapping : Mapped to org.springframework.boot.autoconfigure.web.servlet.error.BasicErrorController#error(HttpServletRequest)
2026-03-18T00:09:30.956+01:00 DEBUG 41356 --- [aluon-saas-backend] [nio-8080-exec-5] o.s.w.s.m.m.a.HttpEntityMethodProcessor  : Using 'application/json', given [*/*] and supported [application/json, application/*+json]
2026-03-18T00:09:30.956+01:00 DEBUG 41356 --- [aluon-saas-backend] [nio-8080-exec-5] o.s.w.s.m.m.a.HttpEntityMethodProcessor  : Writing [{timestamp=Wed Mar 18 00:09:30 CET 2026, status=400, error=Bad Request, path=/api/customers}]
2026-03-18T00:09:30.957+01:00 DEBUG 41356 --- [aluon-saas-backend] [nio-8080-exec-5] o.s.web.servlet.DispatcherServlet        : Exiting from "ERROR" dispatch, status 400
2026-03-18T00:09:30.966+01:00 DEBUG 41356 --- [aluon-saas-backend] [nio-8080-exec-7] o.s.web.servlet.DispatcherServlet        : POST "/api/customers", parameters={}
2026-03-18T00:09:30.966+01:00 DEBUG 41356 --- [aluon-saas-backend] [nio-8080-exec-7] s.w.s.m.m.a.RequestMappingHandlerMapping : Mapped to com.aluon.crm.customer.CustomerController#create(Customer)
2026-03-18T00:09:30.966+01:00 DEBUG 41356 --- [aluon-saas-backend] [nio-8080-exec-7] o.s.web.method.HandlerMethod             : Could not resolve parameter [0] in public com.aluon.crm.customer.Customer com.aluon.crm.customer.CustomerController.create(com.aluon.crm.customer.Customer): JSON parse error: Invalid UTF-8 middle byte 0x27
2026-03-18T00:09:30.966+01:00  WARN 41356 --- [aluon-saas-backend] [nio-8080-exec-7] .w.s.m.s.DefaultHandlerExceptionResolver : Resolved [org.springframework.http.converter.HttpMessageNotReadableException: JSON parse error: Invalid UTF-8 middle byte 0x27]
2026-03-18T00:09:30.966+01:00 DEBUG 41356 --- [aluon-saas-backend] [nio-8080-exec-7] o.s.web.servlet.DispatcherServlet        : Completed 400 BAD_REQUEST
2026-03-18T00:09:30.966+01:00 DEBUG 41356 --- [aluon-saas-backend] [nio-8080-exec-7] o.s.web.servlet.DispatcherServlet        : "ERROR" dispatch for POST "/error", parameters={}
2026-03-18T00:09:30.966+01:00 DEBUG 41356 --- [aluon-saas-backend] [nio-8080-exec-7] s.w.s.m.m.a.RequestMappingHandlerMapping : Mapped to org.springframework.boot.autoconfigure.web.servlet.error.BasicErrorController#error(HttpServletRequest)
2026-03-18T00:09:30.971+01:00 DEBUG 41356 --- [aluon-saas-backend] [nio-8080-exec-7] o.s.w.s.m.m.a.HttpEntityMethodProcessor  : Using 'application/json', given [*/*] and supported [application/json, application/*+json]
2026-03-18T00:09:30.971+01:00 DEBUG 41356 --- [aluon-saas-backend] [nio-8080-exec-7] o.s.w.s.m.m.a.HttpEntityMethodProcessor  : Writing [{timestamp=Wed Mar 18 00:09:30 CET 2026, status=400, error=Bad Request, path=/api/customers}]
2026-03-18T00:09:30.972+01:00 DEBUG 41356 --- [aluon-saas-backend] [nio-8080-exec-7] o.s.web.servlet.DispatcherServlet        : Exiting from "ERROR" dispatch, status 400
2026-03-18T00:09:30.983+01:00 DEBUG 41356 --- [aluon-saas-backend] [nio-8080-exec-6] o.s.web.servlet.DispatcherServlet        : POST "/api/customers", parameters={}
2026-03-18T00:09:30.983+01:00 DEBUG 41356 --- [aluon-saas-backend] [nio-8080-exec-6] s.w.s.m.m.a.RequestMappingHandlerMapping : Mapped to com.aluon.crm.customer.CustomerController#create(Customer)
2026-03-18T00:09:30.983+01:00 DEBUG 41356 --- [aluon-saas-backend] [nio-8080-exec-6] o.s.web.method.HandlerMethod             : Could not resolve parameter [0] in public com.aluon.crm.customer.Customer com.aluon.crm.customer.CustomerController.create(com.aluon.crm.customer.Customer): JSON parse error: Invalid UTF-8 middle byte 0x27
2026-03-18T00:09:30.983+01:00  WARN 41356 --- [aluon-saas-backend] [nio-8080-exec-6] .w.s.m.s.DefaultHandlerExceptionResolver : Resolved [org.springframework.http.converter.HttpMessageNotReadableException: JSON parse error: Invalid UTF-8 middle byte 0x27]
2026-03-18T00:09:30.986+01:00 DEBUG 41356 --- [aluon-saas-backend] [nio-8080-exec-6] o.s.web.servlet.DispatcherServlet        : Completed 400 BAD_REQUEST
2026-03-18T00:09:30.986+01:00 DEBUG 41356 --- [aluon-saas-backend] [nio-8080-exec-6] o.s.web.servlet.DispatcherServlet        : "ERROR" dispatch for POST "/error", parameters={}
2026-03-18T00:09:30.986+01:00 DEBUG 41356 --- [aluon-saas-backend] [nio-8080-exec-6] s.w.s.m.m.a.RequestMappingHandlerMapping : Mapped to org.springframework.boot.autoconfigure.web.servlet.error.BasicErrorController#error(HttpServletRequest)
2026-03-18T00:09:30.988+01:00 DEBUG 41356 --- [aluon-saas-backend] [nio-8080-exec-6] o.s.w.s.m.m.a.HttpEntityMethodProcessor  : Using 'application/json', given [*/*] and supported [application/json, application/*+json]
2026-03-18T00:09:30.989+01:00 DEBUG 41356 --- [aluon-saas-backend] [nio-8080-exec-6] o.s.w.s.m.m.a.HttpEntityMethodProcessor  : Writing [{timestamp=Wed Mar 18 00:09:30 CET 2026, status=400, error=Bad Request, path=/api/customers}]
2026-03-18T00:09:30.989+01:00 DEBUG 41356 --- [aluon-saas-backend] [nio-8080-exec-6] o.s.web.servlet.DispatcherServlet        : Exiting from "ERROR" dispatch, status 400
2026-03-18T00:09:31.000+01:00 DEBUG 41356 --- [aluon-saas-backend] [nio-8080-exec-8] o.s.web.servlet.DispatcherServlet        : POST "/api/customers", parameters={}
2026-03-18T00:09:31.000+01:00 DEBUG 41356 --- [aluon-saas-backend] [nio-8080-exec-8] s.w.s.m.m.a.RequestMappingHandlerMapping : Mapped to com.aluon.crm.customer.CustomerController#create(Customer)
2026-03-18T00:09:31.000+01:00 DEBUG 41356 --- [aluon-saas-backend] [nio-8080-exec-8] o.s.web.method.HandlerMethod             : Could not resolve parameter [0] in public com.aluon.crm.customer.Customer com.aluon.crm.customer.CustomerController.create(com.aluon.crm.customer.Customer): JSON parse error: Invalid UTF-8 middle byte 0x27
2026-03-18T00:09:31.000+01:00  WARN 41356 --- [aluon-saas-backend] [nio-8080-exec-8] .w.s.m.s.DefaultHandlerExceptionResolver : Resolved [org.springframework.http.converter.HttpMessageNotReadableException: JSON parse error: Invalid UTF-8 middle byte 0x27]
2026-03-18T00:09:31.000+01:00 DEBUG 41356 --- [aluon-saas-backend] [nio-8080-exec-8] o.s.web.servlet.DispatcherServlet        : Completed 400 BAD_REQUEST
2026-03-18T00:09:31.005+01:00 DEBUG 41356 --- [aluon-saas-backend] [nio-8080-exec-8] o.s.web.servlet.DispatcherServlet        : "ERROR" dispatch for POST "/error", parameters={}
2026-03-18T00:09:31.005+01:00 DEBUG 41356 --- [aluon-saas-backend] [nio-8080-exec-8] s.w.s.m.m.a.RequestMappingHandlerMapping : Mapped to org.springframework.boot.autoconfigure.web.servlet.error.BasicErrorController#error(HttpServletRequest)
2026-03-18T00:09:31.005+01:00 DEBUG 41356 --- [aluon-saas-backend] [nio-8080-exec-8] o.s.w.s.m.m.a.HttpEntityMethodProcessor  : Using 'application/json', given [*/*] and supported [application/json, application/*+json]
2026-03-18T00:09:31.007+01:00 DEBUG 41356 --- [aluon-saas-backend] [nio-8080-exec-8] o.s.w.s.m.m.a.HttpEntityMethodProcessor  : Writing [{timestamp=Wed Mar 18 00:09:31 CET 2026, status=400, error=Bad Request, path=/api/customers}]
2026-03-18T00:09:31.008+01:00 DEBUG 41356 --- [aluon-saas-backend] [nio-8080-exec-8] o.s.web.servlet.DispatcherServlet        : Exiting from "ERROR" dispatch, status 400
2026-03-18T00:09:31.015+01:00 DEBUG 41356 --- [aluon-saas-backend] [nio-8080-exec-1] o.s.web.servlet.DispatcherServlet        : POST "/api/customers", parameters={}
2026-03-18T00:09:31.018+01:00 DEBUG 41356 --- [aluon-saas-backend] [nio-8080-exec-1] s.w.s.m.m.a.RequestMappingHandlerMapping : Mapped to com.aluon.crm.customer.CustomerController#create(Customer)
2026-03-18T00:09:31.018+01:00 DEBUG 41356 --- [aluon-saas-backend] [nio-8080-exec-1] o.s.web.method.HandlerMethod             : Could not resolve parameter [0] in public com.aluon.crm.customer.Customer com.aluon.crm.customer.CustomerController.create(com.aluon.crm.customer.Customer): JSON parse error: Invalid UTF-8 middle byte 0x27
2026-03-18T00:09:31.018+01:00  WARN 41356 --- [aluon-saas-backend] [nio-8080-exec-1] .w.s.m.s.DefaultHandlerExceptionResolver : Resolved [org.springframework.http.converter.HttpMessageNotReadableException: JSON parse error: Invalid UTF-8 middle byte 0x27]
2026-03-18T00:09:31.018+01:00 DEBUG 41356 --- [aluon-saas-backend] [nio-8080-exec-1] o.s.web.servlet.DispatcherServlet        : Completed 400 BAD_REQUEST
2026-03-18T00:09:31.018+01:00 DEBUG 41356 --- [aluon-saas-backend] [nio-8080-exec-1] o.s.web.servlet.DispatcherServlet        : "ERROR" dispatch for POST "/error", parameters={}
2026-03-18T00:09:31.018+01:00 DEBUG 41356 --- [aluon-saas-backend] [nio-8080-exec-1] s.w.s.m.m.a.RequestMappingHandlerMapping : Mapped to org.springframework.boot.autoconfigure.web.servlet.error.BasicErrorController#error(HttpServletRequest)
2026-03-18T00:09:31.018+01:00 DEBUG 41356 --- [aluon-saas-backend] [nio-8080-exec-1] o.s.w.s.m.m.a.HttpEntityMethodProcessor  : Using 'application/json', given [*/*] and supported [application/json, application/*+json]
2026-03-18T00:09:31.022+01:00 DEBUG 41356 --- [aluon-saas-backend] [nio-8080-exec-1] o.s.w.s.m.m.a.HttpEntityMethodProcessor  : Writing [{timestamp=Wed Mar 18 00:09:31 CET 2026, status=400, error=Bad Request, path=/api/customers}]
2026-03-18T00:09:31.022+01:00 DEBUG 41356 --- [aluon-saas-backend] [nio-8080-exec-1] o.s.web.servlet.DispatcherServlet        : Exiting from "ERROR" dispatch, status 400
2026-03-18T00:09:31.031+01:00 DEBUG 41356 --- [aluon-saas-backend] [nio-8080-exec-2] o.s.web.servlet.DispatcherServlet        : POST "/api/customers", parameters={}
2026-03-18T00:09:31.031+01:00 DEBUG 41356 --- [aluon-saas-backend] [nio-8080-exec-2] s.w.s.m.m.a.RequestMappingHandlerMapping : Mapped to com.aluon.crm.customer.CustomerController#create(Customer)
2026-03-18T00:09:31.031+01:00 DEBUG 41356 --- [aluon-saas-backend] [nio-8080-exec-2] o.s.web.method.HandlerMethod             : Could not resolve parameter [0] in public com.aluon.crm.customer.Customer com.aluon.crm.customer.CustomerController.create(com.aluon.crm.customer.Customer): JSON parse error: Invalid UTF-8 middle byte 0x27
2026-03-18T00:09:31.031+01:00  WARN 41356 --- [aluon-saas-backend] [nio-8080-exec-2] .w.s.m.s.DefaultHandlerExceptionResolver : Resolved [org.springframework.http.converter.HttpMessageNotReadableException: JSON parse error: Invalid UTF-8 middle byte 0x27]
2026-03-18T00:09:31.031+01:00 DEBUG 41356 --- [aluon-saas-backend] [nio-8080-exec-2] o.s.web.servlet.DispatcherServlet        : Completed 400 BAD_REQUEST
2026-03-18T00:09:31.031+01:00 DEBUG 41356 --- [aluon-saas-backend] [nio-8080-exec-2] o.s.web.servlet.DispatcherServlet        : "ERROR" dispatch for POST "/error", parameters={}
2026-03-18T00:09:31.031+01:00 DEBUG 41356 --- [aluon-saas-backend] [nio-8080-exec-2] s.w.s.m.m.a.RequestMappingHandlerMapping : Mapped to org.springframework.boot.autoconfigure.web.servlet.error.BasicErrorController#error(HttpServletRequest)
2026-03-18T00:09:31.031+01:00 DEBUG 41356 --- [aluon-saas-backend] [nio-8080-exec-2] o.s.w.s.m.m.a.HttpEntityMethodProcessor  : Using 'application/json', given [*/*] and supported [application/json, application/*+json]
2026-03-18T00:09:31.031+01:00 DEBUG 41356 --- [aluon-saas-backend] [nio-8080-exec-2] o.s.w.s.m.m.a.HttpEntityMethodProcessor  : Writing [{timestamp=Wed Mar 18 00:09:31 CET 2026, status=400, error=Bad Request, path=/api/customers}]
2026-03-18T00:09:31.037+01:00 DEBUG 41356 --- [aluon-saas-backend] [nio-8080-exec-2] o.s.web.servlet.DispatcherServlet        : Exiting from "ERROR" dispatch, status 400
2026-03-18T00:09:31.039+01:00 DEBUG 41356 --- [aluon-saas-backend] [nio-8080-exec-3] o.s.web.servlet.DispatcherServlet        : POST "/api/customers", parameters={}
2026-03-18T00:09:31.039+01:00 DEBUG 41356 --- [aluon-saas-backend] [nio-8080-exec-3] s.w.s.m.m.a.RequestMappingHandlerMapping : Mapped to com.aluon.crm.customer.CustomerController#create(Customer)
2026-03-18T00:09:31.047+01:00 DEBUG 41356 --- [aluon-saas-backend] [nio-8080-exec-3] o.s.web.method.HandlerMethod             : Could not resolve parameter [0] in public com.aluon.crm.customer.Customer com.aluon.crm.customer.CustomerController.create(com.aluon.crm.customer.Customer): JSON parse error: Invalid UTF-8 middle byte 0x27
2026-03-18T00:09:31.047+01:00  WARN 41356 --- [aluon-saas-backend] [nio-8080-exec-3] .w.s.m.s.DefaultHandlerExceptionResolver : Resolved [org.springframework.http.converter.HttpMessageNotReadableException: JSON parse error: Invalid UTF-8 middle byte 0x27]
2026-03-18T00:09:31.047+01:00 DEBUG 41356 --- [aluon-saas-backend] [nio-8080-exec-3] o.s.web.servlet.DispatcherServlet        : Completed 400 BAD_REQUEST
2026-03-18T00:09:31.048+01:00 DEBUG 41356 --- [aluon-saas-backend] [nio-8080-exec-3] o.s.web.servlet.DispatcherServlet        : "ERROR" dispatch for POST "/error", parameters={}
2026-03-18T00:09:31.049+01:00 DEBUG 41356 --- [aluon-saas-backend] [nio-8080-exec-3] s.w.s.m.m.a.RequestMappingHandlerMapping : Mapped to org.springframework.boot.autoconfigure.web.servlet.error.BasicErrorController#error(HttpServletRequest)
2026-03-18T00:09:31.049+01:00 DEBUG 41356 --- [aluon-saas-backend] [nio-8080-exec-3] o.s.w.s.m.m.a.HttpEntityMethodProcessor  : Using 'application/json', given [*/*] and supported [application/json, application/*+json]
2026-03-18T00:09:31.049+01:00 DEBUG 41356 --- [aluon-saas-backend] [nio-8080-exec-3] o.s.w.s.m.m.a.HttpEntityMethodProcessor  : Writing [{timestamp=Wed Mar 18 00:09:31 CET 2026, status=400, error=Bad Request, path=/api/customers}]
2026-03-18T00:09:31.049+01:00 DEBUG 41356 --- [aluon-saas-backend] [nio-8080-exec-3] o.s.web.servlet.DispatcherServlet        : Exiting from "ERROR" dispatch, status 400
2026-03-18T00:09:31.058+01:00 DEBUG 41356 --- [aluon-saas-backend] [nio-8080-exec-9] o.s.web.servlet.DispatcherServlet        : POST "/api/customers", parameters={}
2026-03-18T00:09:31.059+01:00 DEBUG 41356 --- [aluon-saas-backend] [nio-8080-exec-9] s.w.s.m.m.a.RequestMappingHandlerMapping : Mapped to com.aluon.crm.customer.CustomerController#create(Customer)
2026-03-18T00:09:31.059+01:00 DEBUG 41356 --- [aluon-saas-backend] [nio-8080-exec-9] o.s.web.method.HandlerMethod             : Could not resolve parameter [0] in public com.aluon.crm.customer.Customer com.aluon.crm.customer.CustomerController.create(com.aluon.crm.customer.Customer): JSON parse error: Invalid UTF-8 middle byte 0x27
2026-03-18T00:09:31.060+01:00  WARN 41356 --- [aluon-saas-backend] [nio-8080-exec-9] .w.s.m.s.DefaultHandlerExceptionResolver : Resolved [org.springframework.http.converter.HttpMessageNotReadableException: JSON parse error: Invalid UTF-8 middle byte 0x27]
2026-03-18T00:09:31.060+01:00 DEBUG 41356 --- [aluon-saas-backend] [nio-8080-exec-9] o.s.web.servlet.DispatcherServlet        : Completed 400 BAD_REQUEST
2026-03-18T00:09:31.060+01:00 DEBUG 41356 --- [aluon-saas-backend] [nio-8080-exec-9] o.s.web.servlet.DispatcherServlet        : "ERROR" dispatch for POST "/error", parameters={}
2026-03-18T00:09:31.060+01:00 DEBUG 41356 --- [aluon-saas-backend] [nio-8080-exec-9] s.w.s.m.m.a.RequestMappingHandlerMapping : Mapped to org.springframework.boot.autoconfigure.web.servlet.error.BasicErrorController#error(HttpServletRequest)
2026-03-18T00:09:31.062+01:00 DEBUG 41356 --- [aluon-saas-backend] [nio-8080-exec-9] o.s.w.s.m.m.a.HttpEntityMethodProcessor  : Using 'application/json', given [*/*] and supported [application/json, application/*+json]
2026-03-18T00:09:31.062+01:00 DEBUG 41356 --- [aluon-saas-backend] [nio-8080-exec-9] o.s.w.s.m.m.a.HttpEntityMethodProcessor  : Writing [{timestamp=Wed Mar 18 00:09:31 CET 2026, status=400, error=Bad Request, path=/api/customers}]
2026-03-18T00:09:31.063+01:00 DEBUG 41356 --- [aluon-saas-backend] [nio-8080-exec-9] o.s.web.servlet.DispatcherServlet        : Exiting from "ERROR" dispatch, status 400
2026-03-18T00:09:31.076+01:00 DEBUG 41356 --- [aluon-saas-backend] [io-8080-exec-10] o.s.web.servlet.DispatcherServlet        : POST "/api/customers", parameters={}
2026-03-18T00:09:31.076+01:00 DEBUG 41356 --- [aluon-saas-backend] [io-8080-exec-10] s.w.s.m.m.a.RequestMappingHandlerMapping : Mapped to com.aluon.crm.customer.CustomerController#create(Customer)
2026-03-18T00:09:31.078+01:00 DEBUG 41356 --- [aluon-saas-backend] [io-8080-exec-10] o.s.web.method.HandlerMethod             : Could not resolve parameter [0] in public com.aluon.crm.customer.Customer com.aluon.crm.customer.CustomerController.create(com.aluon.crm.customer.Customer): JSON parse error: Invalid UTF-8 middle byte 0x27
2026-03-18T00:09:31.078+01:00  WARN 41356 --- [aluon-saas-backend] [io-8080-exec-10] .w.s.m.s.DefaultHandlerExceptionResolver : Resolved [org.springframework.http.converter.HttpMessageNotReadableException: JSON parse error: Invalid UTF-8 middle byte 0x27]
2026-03-18T00:09:31.078+01:00 DEBUG 41356 --- [aluon-saas-backend] [io-8080-exec-10] o.s.web.servlet.DispatcherServlet        : Completed 400 BAD_REQUEST
2026-03-18T00:09:31.078+01:00 DEBUG 41356 --- [aluon-saas-backend] [io-8080-exec-10] o.s.web.servlet.DispatcherServlet        : "ERROR" dispatch for POST "/error", parameters={}
2026-03-18T00:09:31.078+01:00 DEBUG 41356 --- [aluon-saas-backend] [io-8080-exec-10] s.w.s.m.m.a.RequestMappingHandlerMapping : Mapped to org.springframework.boot.autoconfigure.web.servlet.error.BasicErrorController#error(HttpServletRequest)
2026-03-18T00:09:31.081+01:00 DEBUG 41356 --- [aluon-saas-backend] [io-8080-exec-10] o.s.w.s.m.m.a.HttpEntityMethodProcessor  : Using 'application/json', given [*/*] and supported [application/json, application/*+json]
2026-03-18T00:09:31.082+01:00 DEBUG 41356 --- [aluon-saas-backend] [io-8080-exec-10] o.s.w.s.m.m.a.HttpEntityMethodProcessor  : Writing [{timestamp=Wed Mar 18 00:09:31 CET 2026, status=400, error=Bad Request, path=/api/customers}]
2026-03-18T00:09:31.082+01:00 DEBUG 41356 --- [aluon-saas-backend] [io-8080-exec-10] o.s.web.servlet.DispatcherServlet        : Exiting from "ERROR" dispatch, status 400
2026-03-18T00:09:58.198+01:00 DEBUG 41356 --- [aluon-saas-backend] [nio-8080-exec-4] o.s.web.servlet.DispatcherServlet        : POST "/api/customers", parameters={}
2026-03-18T00:09:58.198+01:00 DEBUG 41356 --- [aluon-saas-backend] [nio-8080-exec-4] s.w.s.m.m.a.RequestMappingHandlerMapping : Mapped to com.aluon.crm.customer.CustomerController#create(Customer)
2026-03-18T00:09:58.200+01:00 DEBUG 41356 --- [aluon-saas-backend] [nio-8080-exec-4] m.m.a.RequestResponseBodyMethodProcessor : Read "application/json;charset=utf-8" to [com.aluon.crm.customer.Customer@62e58344]
2026-03-18T00:09:58.273+01:00 DEBUG 41356 --- [aluon-saas-backend] [nio-8080-exec-4] org.hibernate.SQL                        : 
    insert 
    into
        customers
        (cp, dias_vencimiento, direccion, email, forma_pago, iban, nombre_comercial, pais, persona_contacto, poblacion, provincia, razon_social, remanente, tarifa, telefono, tenant_id, tipo_documento, id) 
    values
        (?, ?, ?, ?, ?, ?, ?, ?, ?, ?, ?, ?, ?, ?, ?, ?, ?, ?)
Hibernate: 
    insert 
    into
        customers
        (cp, dias_vencimiento, direccion, email, forma_pago, iban, nombre_comercial, pais, persona_contacto, poblacion, provincia, razon_social, remanente, tarifa, telefono, tenant_id, tipo_documento, id) 
    values
        (?, ?, ?, ?, ?, ?, ?, ?, ?, ?, ?, ?, ?, ?, ?, ?, ?, ?)
2026-03-18T00:09:58.311+01:00 DEBUG 41356 --- [aluon-saas-backend] [nio-8080-exec-4] m.m.a.RequestResponseBodyMethodProcessor : Using 'application/json', given [*/*] and supported [application/json, application/*+json]
2026-03-18T00:09:58.311+01:00 DEBUG 41356 --- [aluon-saas-backend] [nio-8080-exec-4] m.m.a.RequestResponseBodyMethodProcessor : Writing [com.aluon.crm.customer.Customer@62e58344]
2026-03-18T00:09:58.321+01:00 DEBUG 41356 --- [aluon-saas-backend] [nio-8080-exec-4] o.s.web.servlet.DispatcherServlet        : Completed 200 OK
2026-03-18T00:09:58.386+01:00 DEBUG 41356 --- [aluon-saas-backend] [nio-8080-exec-5] o.s.web.servlet.DispatcherServlet        : POST "/api/customers", parameters={}
2026-03-18T00:09:58.387+01:00 DEBUG 41356 --- [aluon-saas-backend] [nio-8080-exec-5] s.w.s.m.m.a.RequestMappingHandlerMapping : Mapped to com.aluon.crm.customer.CustomerController#create(Customer)
2026-03-18T00:09:58.388+01:00 DEBUG 41356 --- [aluon-saas-backend] [nio-8080-exec-5] m.m.a.RequestResponseBodyMethodProcessor : Read "application/json;charset=utf-8" to [com.aluon.crm.customer.Customer@68e2c464]
2026-03-18T00:09:58.389+01:00 DEBUG 41356 --- [aluon-saas-backend] [nio-8080-exec-5] org.hibernate.SQL                        : 
    insert 
    into
        customers
        (cp, dias_vencimiento, direccion, email, forma_pago, iban, nombre_comercial, pais, persona_contacto, poblacion, provincia, razon_social, remanente, tarifa, telefono, tenant_id, tipo_documento, id) 
    values
        (?, ?, ?, ?, ?, ?, ?, ?, ?, ?, ?, ?, ?, ?, ?, ?, ?, ?)
Hibernate: 
    insert 
    into
        customers
        (cp, dias_vencimiento, direccion, email, forma_pago, iban, nombre_comercial, pais, persona_contacto, poblacion, provincia, razon_social, remanente, tarifa, telefono, tenant_id, tipo_documento, id) 
    values
        (?, ?, ?, ?, ?, ?, ?, ?, ?, ?, ?, ?, ?, ?, ?, ?, ?, ?)
2026-03-18T00:09:58.399+01:00 DEBUG 41356 --- [aluon-saas-backend] [nio-8080-exec-5] m.m.a.RequestResponseBodyMethodProcessor : Using 'application/json', given [*/*] and supported [application/json, application/*+json]
2026-03-18T00:09:58.399+01:00 DEBUG 41356 --- [aluon-saas-backend] [nio-8080-exec-5] m.m.a.RequestResponseBodyMethodProcessor : Writing [com.aluon.crm.customer.Customer@68e2c464]
2026-03-18T00:09:58.401+01:00 DEBUG 41356 --- [aluon-saas-backend] [nio-8080-exec-5] o.s.web.servlet.DispatcherServlet        : Completed 200 OK
2026-03-18T00:09:58.405+01:00 DEBUG 41356 --- [aluon-saas-backend] [nio-8080-exec-7] o.s.web.servlet.DispatcherServlet        : POST "/api/customers", parameters={}
2026-03-18T00:09:58.405+01:00 DEBUG 41356 --- [aluon-saas-backend] [nio-8080-exec-7] s.w.s.m.m.a.RequestMappingHandlerMapping : Mapped to com.aluon.crm.customer.CustomerController#create(Customer)
2026-03-18T00:09:58.406+01:00 DEBUG 41356 --- [aluon-saas-backend] [nio-8080-exec-7] m.m.a.RequestResponseBodyMethodProcessor : Read "application/json;charset=utf-8" to [com.aluon.crm.customer.Customer@70650f39]
2026-03-18T00:09:58.407+01:00 DEBUG 41356 --- [aluon-saas-backend] [nio-8080-exec-7] org.hibernate.SQL                        : 
    insert 
    into
        customers
        (cp, dias_vencimiento, direccion, email, forma_pago, iban, nombre_comercial, pais, persona_contacto, poblacion, provincia, razon_social, remanente, tarifa, telefono, tenant_id, tipo_documento, id) 
    values
        (?, ?, ?, ?, ?, ?, ?, ?, ?, ?, ?, ?, ?, ?, ?, ?, ?, ?)
Hibernate: 
    insert 
    into
        customers
        (cp, dias_vencimiento, direccion, email, forma_pago, iban, nombre_comercial, pais, persona_contacto, poblacion, provincia, razon_social, remanente, tarifa, telefono, tenant_id, tipo_documento, id) 
    values
        (?, ?, ?, ?, ?, ?, ?, ?, ?, ?, ?, ?, ?, ?, ?, ?, ?, ?)
2026-03-18T00:09:58.415+01:00 DEBUG 41356 --- [aluon-saas-backend] [nio-8080-exec-7] m.m.a.RequestResponseBodyMethodProcessor : Using 'application/json', given [*/*] and supported [application/json, application/*+json]
2026-03-18T00:09:58.415+01:00 DEBUG 41356 --- [aluon-saas-backend] [nio-8080-exec-7] m.m.a.RequestResponseBodyMethodProcessor : Writing [com.aluon.crm.customer.Customer@70650f39]
2026-03-18T00:09:58.416+01:00 DEBUG 41356 --- [aluon-saas-backend] [nio-8080-exec-7] o.s.web.servlet.DispatcherServlet        : Completed 200 OK
2026-03-18T00:09:58.423+01:00 DEBUG 41356 --- [aluon-saas-backend] [nio-8080-exec-6] o.s.web.servlet.DispatcherServlet        : POST "/api/customers", parameters={}
2026-03-18T00:09:58.423+01:00 DEBUG 41356 --- [aluon-saas-backend] [nio-8080-exec-6] s.w.s.m.m.a.RequestMappingHandlerMapping : Mapped to com.aluon.crm.customer.CustomerController#create(Customer)
2026-03-18T00:09:58.424+01:00 DEBUG 41356 --- [aluon-saas-backend] [nio-8080-exec-6] m.m.a.RequestResponseBodyMethodProcessor : Read "application/json;charset=utf-8" to [com.aluon.crm.customer.Customer@c219a88]
2026-03-18T00:09:58.426+01:00 DEBUG 41356 --- [aluon-saas-backend] [nio-8080-exec-6] org.hibernate.SQL                        : 
    insert 
    into
        customers
        (cp, dias_vencimiento, direccion, email, forma_pago, iban, nombre_comercial, pais, persona_contacto, poblacion, provincia, razon_social, remanente, tarifa, telefono, tenant_id, tipo_documento, id) 
    values
        (?, ?, ?, ?, ?, ?, ?, ?, ?, ?, ?, ?, ?, ?, ?, ?, ?, ?)
Hibernate: 
    insert 
    into
        customers
        (cp, dias_vencimiento, direccion, email, forma_pago, iban, nombre_comercial, pais, persona_contacto, poblacion, provincia, razon_social, remanente, tarifa, telefono, tenant_id, tipo_documento, id) 
    values
        (?, ?, ?, ?, ?, ?, ?, ?, ?, ?, ?, ?, ?, ?, ?, ?, ?, ?)
2026-03-18T00:09:58.438+01:00 DEBUG 41356 --- [aluon-saas-backend] [nio-8080-exec-6] m.m.a.RequestResponseBodyMethodProcessor : Using 'application/json', given [*/*] and supported [application/json, application/*+json]
2026-03-18T00:09:58.440+01:00 DEBUG 41356 --- [aluon-saas-backend] [nio-8080-exec-6] m.m.a.RequestResponseBodyMethodProcessor : Writing [com.aluon.crm.customer.Customer@c219a88]
2026-03-18T00:09:58.443+01:00 DEBUG 41356 --- [aluon-saas-backend] [nio-8080-exec-6] o.s.web.servlet.DispatcherServlet        : Completed 200 OK
2026-03-18T00:09:58.447+01:00 DEBUG 41356 --- [aluon-saas-backend] [nio-8080-exec-8] o.s.web.servlet.DispatcherServlet        : POST "/api/customers", parameters={}
2026-03-18T00:09:58.448+01:00 DEBUG 41356 --- [aluon-saas-backend] [nio-8080-exec-8] s.w.s.m.m.a.RequestMappingHandlerMapping : Mapped to com.aluon.crm.customer.CustomerController#create(Customer)
2026-03-18T00:09:58.449+01:00 DEBUG 41356 --- [aluon-saas-backend] [nio-8080-exec-8] m.m.a.RequestResponseBodyMethodProcessor : Read "application/json;charset=utf-8" to [com.aluon.crm.customer.Customer@57c87295]
2026-03-18T00:09:58.451+01:00 DEBUG 41356 --- [aluon-saas-backend] [nio-8080-exec-8] org.hibernate.SQL                        : 
    insert 
    into
        customers
        (cp, dias_vencimiento, direccion, email, forma_pago, iban, nombre_comercial, pais, persona_contacto, poblacion, provincia, razon_social, remanente, tarifa, telefono, tenant_id, tipo_documento, id) 
    values
        (?, ?, ?, ?, ?, ?, ?, ?, ?, ?, ?, ?, ?, ?, ?, ?, ?, ?)
Hibernate: 
    insert 
    into
        customers
        (cp, dias_vencimiento, direccion, email, forma_pago, iban, nombre_comercial, pais, persona_contacto, poblacion, provincia, razon_social, remanente, tarifa, telefono, tenant_id, tipo_documento, id) 
    values
        (?, ?, ?, ?, ?, ?, ?, ?, ?, ?, ?, ?, ?, ?, ?, ?, ?, ?)
2026-03-18T00:09:58.463+01:00 DEBUG 41356 --- [aluon-saas-backend] [nio-8080-exec-8] m.m.a.RequestResponseBodyMethodProcessor : Using 'application/json', given [*/*] and supported [application/json, application/*+json]
2026-03-18T00:09:58.464+01:00 DEBUG 41356 --- [aluon-saas-backend] [nio-8080-exec-8] m.m.a.RequestResponseBodyMethodProcessor : Writing [com.aluon.crm.customer.Customer@57c87295]
2026-03-18T00:09:58.466+01:00 DEBUG 41356 --- [aluon-saas-backend] [nio-8080-exec-8] o.s.web.servlet.DispatcherServlet        : Completed 200 OK
2026-03-18T00:09:58.470+01:00 DEBUG 41356 --- [aluon-saas-backend] [nio-8080-exec-1] o.s.web.servlet.DispatcherServlet        : POST "/api/customers", parameters={}
2026-03-18T00:09:58.471+01:00 DEBUG 41356 --- [aluon-saas-backend] [nio-8080-exec-1] s.w.s.m.m.a.RequestMappingHandlerMapping : Mapped to com.aluon.crm.customer.CustomerController#create(Customer)
2026-03-18T00:09:58.474+01:00 DEBUG 41356 --- [aluon-saas-backend] [nio-8080-exec-1] m.m.a.RequestResponseBodyMethodProcessor : Read "application/json;charset=utf-8" to [com.aluon.crm.customer.Customer@3ce9e1ff]
2026-03-18T00:09:58.476+01:00 DEBUG 41356 --- [aluon-saas-backend] [nio-8080-exec-1] org.hibernate.SQL                        : 
    insert 
    into
        customers
        (cp, dias_vencimiento, direccion, email, forma_pago, iban, nombre_comercial, pais, persona_contacto, poblacion, provincia, razon_social, remanente, tarifa, telefono, tenant_id, tipo_documento, id) 
    values
        (?, ?, ?, ?, ?, ?, ?, ?, ?, ?, ?, ?, ?, ?, ?, ?, ?, ?)
Hibernate: 
    insert 
    into
        customers
        (cp, dias_vencimiento, direccion, email, forma_pago, iban, nombre_comercial, pais, persona_contacto, poblacion, provincia, razon_social, remanente, tarifa, telefono, tenant_id, tipo_documento, id) 
    values
        (?, ?, ?, ?, ?, ?, ?, ?, ?, ?, ?, ?, ?, ?, ?, ?, ?, ?)
2026-03-18T00:09:58.490+01:00 DEBUG 41356 --- [aluon-saas-backend] [nio-8080-exec-1] m.m.a.RequestResponseBodyMethodProcessor : Using 'application/json', given [*/*] and supported [application/json, application/*+json]
2026-03-18T00:09:58.490+01:00 DEBUG 41356 --- [aluon-saas-backend] [nio-8080-exec-1] m.m.a.RequestResponseBodyMethodProcessor : Writing [com.aluon.crm.customer.Customer@3ce9e1ff]
2026-03-18T00:09:58.491+01:00 DEBUG 41356 --- [aluon-saas-backend] [nio-8080-exec-1] o.s.web.servlet.DispatcherServlet        : Completed 200 OK
2026-03-18T00:09:58.496+01:00 DEBUG 41356 --- [aluon-saas-backend] [nio-8080-exec-2] o.s.web.servlet.DispatcherServlet        : POST "/api/customers", parameters={}
2026-03-18T00:09:58.496+01:00 DEBUG 41356 --- [aluon-saas-backend] [nio-8080-exec-2] s.w.s.m.m.a.RequestMappingHandlerMapping : Mapped to com.aluon.crm.customer.CustomerController#create(Customer)
2026-03-18T00:09:58.499+01:00 DEBUG 41356 --- [aluon-saas-backend] [nio-8080-exec-2] m.m.a.RequestResponseBodyMethodProcessor : Read "application/json;charset=utf-8" to [com.aluon.crm.customer.Customer@244e9ce9]
2026-03-18T00:09:58.499+01:00 DEBUG 41356 --- [aluon-saas-backend] [nio-8080-exec-2] org.hibernate.SQL                        : 
    insert 
    into
        customers
        (cp, dias_vencimiento, direccion, email, forma_pago, iban, nombre_comercial, pais, persona_contacto, poblacion, provincia, razon_social, remanente, tarifa, telefono, tenant_id, tipo_documento, id) 
    values
        (?, ?, ?, ?, ?, ?, ?, ?, ?, ?, ?, ?, ?, ?, ?, ?, ?, ?)
Hibernate: 
    insert 
    into
        customers
        (cp, dias_vencimiento, direccion, email, forma_pago, iban, nombre_comercial, pais, persona_contacto, poblacion, provincia, razon_social, remanente, tarifa, telefono, tenant_id, tipo_documento, id) 
    values
        (?, ?, ?, ?, ?, ?, ?, ?, ?, ?, ?, ?, ?, ?, ?, ?, ?, ?)
2026-03-18T00:09:58.515+01:00 DEBUG 41356 --- [aluon-saas-backend] [nio-8080-exec-2] m.m.a.RequestResponseBodyMethodProcessor : Using 'application/json', given [*/*] and supported [application/json, application/*+json]
2026-03-18T00:09:58.516+01:00 DEBUG 41356 --- [aluon-saas-backend] [nio-8080-exec-2] m.m.a.RequestResponseBodyMethodProcessor : Writing [com.aluon.crm.customer.Customer@244e9ce9]
2026-03-18T00:09:58.518+01:00 DEBUG 41356 --- [aluon-saas-backend] [nio-8080-exec-2] o.s.web.servlet.DispatcherServlet        : Completed 200 OK
2026-03-18T00:09:58.522+01:00 DEBUG 41356 --- [aluon-saas-backend] [nio-8080-exec-3] o.s.web.servlet.DispatcherServlet        : POST "/api/customers", parameters={}
2026-03-18T00:09:58.524+01:00 DEBUG 41356 --- [aluon-saas-backend] [nio-8080-exec-3] s.w.s.m.m.a.RequestMappingHandlerMapping : Mapped to com.aluon.crm.customer.CustomerController#create(Customer)
2026-03-18T00:09:58.526+01:00 DEBUG 41356 --- [aluon-saas-backend] [nio-8080-exec-3] m.m.a.RequestResponseBodyMethodProcessor : Read "application/json;charset=utf-8" to [com.aluon.crm.customer.Customer@530dfe3d]
2026-03-18T00:09:58.526+01:00 DEBUG 41356 --- [aluon-saas-backend] [nio-8080-exec-3] org.hibernate.SQL                        : 
    insert 
    into
        customers
        (cp, dias_vencimiento, direccion, email, forma_pago, iban, nombre_comercial, pais, persona_contacto, poblacion, provincia, razon_social, remanente, tarifa, telefono, tenant_id, tipo_documento, id) 
    values
        (?, ?, ?, ?, ?, ?, ?, ?, ?, ?, ?, ?, ?, ?, ?, ?, ?, ?)
Hibernate: 
    insert 
    into
        customers
        (cp, dias_vencimiento, direccion, email, forma_pago, iban, nombre_comercial, pais, persona_contacto, poblacion, provincia, razon_social, remanente, tarifa, telefono, tenant_id, tipo_documento, id) 
    values
        (?, ?, ?, ?, ?, ?, ?, ?, ?, ?, ?, ?, ?, ?, ?, ?, ?, ?)
2026-03-18T00:09:58.538+01:00 DEBUG 41356 --- [aluon-saas-backend] [nio-8080-exec-3] m.m.a.RequestResponseBodyMethodProcessor : Using 'application/json', given [*/*] and supported [application/json, application/*+json]
2026-03-18T00:09:58.539+01:00 DEBUG 41356 --- [aluon-saas-backend] [nio-8080-exec-3] m.m.a.RequestResponseBodyMethodProcessor : Writing [com.aluon.crm.customer.Customer@530dfe3d]
2026-03-18T00:09:58.542+01:00 DEBUG 41356 --- [aluon-saas-backend] [nio-8080-exec-3] o.s.web.servlet.DispatcherServlet        : Completed 200 OK
2026-03-18T00:09:58.549+01:00 DEBUG 41356 --- [aluon-saas-backend] [nio-8080-exec-9] o.s.web.servlet.DispatcherServlet        : POST "/api/customers", parameters={}
2026-03-18T00:09:58.549+01:00 DEBUG 41356 --- [aluon-saas-backend] [nio-8080-exec-9] s.w.s.m.m.a.RequestMappingHandlerMapping : Mapped to com.aluon.crm.customer.CustomerController#create(Customer)
2026-03-18T00:09:58.552+01:00 DEBUG 41356 --- [aluon-saas-backend] [nio-8080-exec-9] m.m.a.RequestResponseBodyMethodProcessor : Read "application/json;charset=utf-8" to [com.aluon.crm.customer.Customer@21c02c7]
2026-03-18T00:09:58.559+01:00 DEBUG 41356 --- [aluon-saas-backend] [nio-8080-exec-9] org.hibernate.SQL                        : 
    insert 
    into
        customers
        (cp, dias_vencimiento, direccion, email, forma_pago, iban, nombre_comercial, pais, persona_contacto, poblacion, provincia, razon_social, remanente, tarifa, telefono, tenant_id, tipo_documento, id) 
    values
        (?, ?, ?, ?, ?, ?, ?, ?, ?, ?, ?, ?, ?, ?, ?, ?, ?, ?)
Hibernate: 
    insert 
    into
        customers
        (cp, dias_vencimiento, direccion, email, forma_pago, iban, nombre_comercial, pais, persona_contacto, poblacion, provincia, razon_social, remanente, tarifa, telefono, tenant_id, tipo_documento, id) 
    values
        (?, ?, ?, ?, ?, ?, ?, ?, ?, ?, ?, ?, ?, ?, ?, ?, ?, ?)
2026-03-18T00:09:58.578+01:00 DEBUG 41356 --- [aluon-saas-backend] [nio-8080-exec-9] m.m.a.RequestResponseBodyMethodProcessor : Using 'application/json', given [*/*] and supported [application/json, application/*+json]
2026-03-18T00:09:58.578+01:00 DEBUG 41356 --- [aluon-saas-backend] [nio-8080-exec-9] m.m.a.RequestResponseBodyMethodProcessor : Writing [com.aluon.crm.customer.Customer@21c02c7]
2026-03-18T00:09:58.580+01:00 DEBUG 41356 --- [aluon-saas-backend] [nio-8080-exec-9] o.s.web.servlet.DispatcherServlet        : Completed 200 OK
2026-03-18T00:09:58.587+01:00 DEBUG 41356 --- [aluon-saas-backend] [io-8080-exec-10] o.s.web.servlet.DispatcherServlet        : POST "/api/customers", parameters={}
2026-03-18T00:09:58.589+01:00 DEBUG 41356 --- [aluon-saas-backend] [io-8080-exec-10] s.w.s.m.m.a.RequestMappingHandlerMapping : Mapped to com.aluon.crm.customer.CustomerController#create(Customer)
2026-03-18T00:09:58.590+01:00 DEBUG 41356 --- [aluon-saas-backend] [io-8080-exec-10] m.m.a.RequestResponseBodyMethodProcessor : Read "application/json;charset=utf-8" to [com.aluon.crm.customer.Customer@415ea590]
2026-03-18T00:09:58.591+01:00 DEBUG 41356 --- [aluon-saas-backend] [io-8080-exec-10] org.hibernate.SQL                        : 
    insert 
    into
        customers
        (cp, dias_vencimiento, direccion, email, forma_pago, iban, nombre_comercial, pais, persona_contacto, poblacion, provincia, razon_social, remanente, tarifa, telefono, tenant_id, tipo_documento, id) 
    values
        (?, ?, ?, ?, ?, ?, ?, ?, ?, ?, ?, ?, ?, ?, ?, ?, ?, ?)
Hibernate: 
    insert 
    into
        customers
        (cp, dias_vencimiento, direccion, email, forma_pago, iban, nombre_comercial, pais, persona_contacto, poblacion, provincia, razon_social, remanente, tarifa, telefono, tenant_id, tipo_documento, id) 
    values
        (?, ?, ?, ?, ?, ?, ?, ?, ?, ?, ?, ?, ?, ?, ?, ?, ?, ?)
2026-03-18T00:09:58.603+01:00 DEBUG 41356 --- [aluon-saas-backend] [io-8080-exec-10] m.m.a.RequestResponseBodyMethodProcessor : Using 'application/json', given [*/*] and supported [application/json, application/*+json]
2026-03-18T00:09:58.605+01:00 DEBUG 41356 --- [aluon-saas-backend] [io-8080-exec-10] m.m.a.RequestResponseBodyMethodProcessor : Writing [com.aluon.crm.customer.Customer@415ea590]
2026-03-18T00:09:58.606+01:00 DEBUG 41356 --- [aluon-saas-backend] [io-8080-exec-10] o.s.web.servlet.DispatcherServlet        : Completed 200 OK
2026-03-18T00:10:21.323+01:00 DEBUG 41356 --- [aluon-saas-backend] [nio-8080-exec-5] o.s.web.servlet.DispatcherServlet        : GET "/api/customers", parameters={}
2026-03-18T00:10:21.344+01:00 DEBUG 41356 --- [aluon-saas-backend] [nio-8080-exec-5] s.w.s.m.m.a.RequestMappingHandlerMapping : Mapped to com.aluon.crm.customer.CustomerController#getAll()
2026-03-18T00:10:21.868+01:00 DEBUG 41356 --- [aluon-saas-backend] [nio-8080-exec-5] org.hibernate.SQL                        : 
    select
        c1_0.id,
        c1_0.cp,
        c1_0.dias_vencimiento,
        c1_0.direccion,
        c1_0.email,
        c1_0.forma_pago,
        c1_0.iban,
        c1_0.nombre_comercial,
        c1_0.pais,
        c1_0.persona_contacto,
        c1_0.poblacion,
        c1_0.provincia,
        c1_0.razon_social,
        c1_0.remanente,
        c1_0.tarifa,
        c1_0.telefono,
        c1_0.tenant_id,
        c1_0.tipo_documento 
    from
        customers c1_0 
    where
        c1_0.tenant_id = ?
Hibernate: 
    select
        c1_0.id,
        c1_0.cp,
        c1_0.dias_vencimiento,
        c1_0.direccion,
        c1_0.email,
        c1_0.forma_pago,
        c1_0.iban,
        c1_0.nombre_comercial,
        c1_0.pais,
        c1_0.persona_contacto,
        c1_0.poblacion,
        c1_0.provincia,
        c1_0.razon_social,
        c1_0.remanente,
        c1_0.tarifa,
        c1_0.telefono,
        c1_0.tenant_id,
        c1_0.tipo_documento 
    from
        customers c1_0 
    where
        c1_0.tenant_id = ?
2026-03-18T00:10:21.921+01:00 DEBUG 41356 --- [aluon-saas-backend] [nio-8080-exec-5] m.m.a.RequestResponseBodyMethodProcessor : Using 'application/json', given [*/*] and supported [application/json, application/*+json]
2026-03-18T00:10:21.922+01:00 DEBUG 41356 --- [aluon-saas-backend] [nio-8080-exec-5] m.m.a.RequestResponseBodyMethodProcessor : Writing [[com.aluon.crm.customer.Customer@13f2987c, com.aluon.crm.customer.Customer@5bd424f0, com.aluon.crm.c (truncated)...]
2026-03-18T00:10:21.934+01:00 DEBUG 41356 --- [aluon-saas-backend] [nio-8080-exec-5] org.hibernate.SQL                        : 
    select
        de1_0.customer_id,
        de1_0.id,
        de1_0.contacto,
        de1_0.cp,
        de1_0.direccion,
        de1_0.nombre_alias,
        de1_0.poblacion,
        de1_0.provincia,
        de1_0.telefono,
        de1_0.tenant_id 
    from
        delivery_addresses de1_0 
    where
        de1_0.customer_id=?
Hibernate: 
    select
        de1_0.customer_id,
        de1_0.id,
        de1_0.contacto,
        de1_0.cp,
        de1_0.direccion,
        de1_0.nombre_alias,
        de1_0.poblacion,
        de1_0.provincia,
        de1_0.telefono,
        de1_0.tenant_id 
    from
        delivery_addresses de1_0 
    where
        de1_0.customer_id=?
2026-03-18T00:10:21.944+01:00 DEBUG 41356 --- [aluon-saas-backend] [nio-8080-exec-5] org.hibernate.SQL                        : 
    select
        de1_0.customer_id,
        de1_0.id,
        de1_0.contacto,
        de1_0.cp,
        de1_0.direccion,
        de1_0.nombre_alias,
        de1_0.poblacion,
        de1_0.provincia,
        de1_0.telefono,
        de1_0.tenant_id 
    from
        delivery_addresses de1_0 
    where
        de1_0.customer_id=?
Hibernate: 
    select
        de1_0.customer_id,
        de1_0.id,
        de1_0.contacto,
        de1_0.cp,
        de1_0.direccion,
        de1_0.nombre_alias,
        de1_0.poblacion,
        de1_0.provincia,
        de1_0.telefono,
        de1_0.tenant_id 
    from
        delivery_addresses de1_0 
    where
        de1_0.customer_id=?
2026-03-18T00:10:21.948+01:00 DEBUG 41356 --- [aluon-saas-backend] [nio-8080-exec-5] org.hibernate.SQL                        : 
    select
        de1_0.customer_id,
        de1_0.id,
        de1_0.contacto,
        de1_0.cp,
        de1_0.direccion,
        de1_0.nombre_alias,
        de1_0.poblacion,
        de1_0.provincia,
        de1_0.telefono,
        de1_0.tenant_id 
    from
        delivery_addresses de1_0 
    where
        de1_0.customer_id=?
Hibernate: 
    select
        de1_0.customer_id,
        de1_0.id,
        de1_0.contacto,
        de1_0.cp,
        de1_0.direccion,
        de1_0.nombre_alias,
        de1_0.poblacion,
        de1_0.provincia,
        de1_0.telefono,
        de1_0.tenant_id 
    from
        delivery_addresses de1_0 
    where
        de1_0.customer_id=?
2026-03-18T00:10:21.954+01:00 DEBUG 41356 --- [aluon-saas-backend] [nio-8080-exec-5] org.hibernate.SQL                        : 
    select
        de1_0.customer_id,
        de1_0.id,
        de1_0.contacto,
        de1_0.cp,
        de1_0.direccion,
        de1_0.nombre_alias,
        de1_0.poblacion,
        de1_0.provincia,
        de1_0.telefono,
        de1_0.tenant_id 
    from
        delivery_addresses de1_0 
    where
        de1_0.customer_id=?
Hibernate: 
    select
        de1_0.customer_id,
        de1_0.id,
        de1_0.contacto,
        de1_0.cp,
        de1_0.direccion,
        de1_0.nombre_alias,
        de1_0.poblacion,
        de1_0.provincia,
        de1_0.telefono,
        de1_0.tenant_id 
    from
        delivery_addresses de1_0 
    where
        de1_0.customer_id=?
2026-03-18T00:10:21.959+01:00 DEBUG 41356 --- [aluon-saas-backend] [nio-8080-exec-5] org.hibernate.SQL                        : 
    select
        de1_0.customer_id,
        de1_0.id,
        de1_0.contacto,
        de1_0.cp,
        de1_0.direccion,
        de1_0.nombre_alias,
        de1_0.poblacion,
        de1_0.provincia,
        de1_0.telefono,
        de1_0.tenant_id 
    from
        delivery_addresses de1_0 
    where
        de1_0.customer_id=?
Hibernate: 
    select
        de1_0.customer_id,
        de1_0.id,
        de1_0.contacto,
        de1_0.cp,
        de1_0.direccion,
        de1_0.nombre_alias,
        de1_0.poblacion,
        de1_0.provincia,
        de1_0.telefono,
        de1_0.tenant_id 
    from
        delivery_addresses de1_0 
    where
        de1_0.customer_id=?
2026-03-18T00:10:21.966+01:00 DEBUG 41356 --- [aluon-saas-backend] [nio-8080-exec-5] org.hibernate.SQL                        : 
    select
        de1_0.customer_id,
        de1_0.id,
        de1_0.contacto,
        de1_0.cp,
        de1_0.direccion,
        de1_0.nombre_alias,
        de1_0.poblacion,
        de1_0.provincia,
        de1_0.telefono,
        de1_0.tenant_id 
    from
        delivery_addresses de1_0 
    where
        de1_0.customer_id=?
Hibernate: 
    select
        de1_0.customer_id,
        de1_0.id,
        de1_0.contacto,
        de1_0.cp,
        de1_0.direccion,
        de1_0.nombre_alias,
        de1_0.poblacion,
        de1_0.provincia,
        de1_0.telefono,
        de1_0.tenant_id 
    from
        delivery_addresses de1_0 
    where
        de1_0.customer_id=?
2026-03-18T00:10:21.972+01:00 DEBUG 41356 --- [aluon-saas-backend] [nio-8080-exec-5] org.hibernate.SQL                        : 
    select
        de1_0.customer_id,
        de1_0.id,
        de1_0.contacto,
        de1_0.cp,
        de1_0.direccion,
        de1_0.nombre_alias,
        de1_0.poblacion,
        de1_0.provincia,
        de1_0.telefono,
        de1_0.tenant_id 
    from
        delivery_addresses de1_0 
    where
        de1_0.customer_id=?
Hibernate: 
    select
        de1_0.customer_id,
        de1_0.id,
        de1_0.contacto,
        de1_0.cp,
        de1_0.direccion,
        de1_0.nombre_alias,
        de1_0.poblacion,
        de1_0.provincia,
        de1_0.telefono,
        de1_0.tenant_id 
    from
        delivery_addresses de1_0 
    where
        de1_0.customer_id=?
2026-03-18T00:10:21.976+01:00 DEBUG 41356 --- [aluon-saas-backend] [nio-8080-exec-5] org.hibernate.SQL                        : 
    select
        de1_0.customer_id,
        de1_0.id,
        de1_0.contacto,
        de1_0.cp,
        de1_0.direccion,
        de1_0.nombre_alias,
        de1_0.poblacion,
        de1_0.provincia,
        de1_0.telefono,
        de1_0.tenant_id 
    from
        delivery_addresses de1_0 
    where
        de1_0.customer_id=?
Hibernate: 
    select
        de1_0.customer_id,
        de1_0.id,
        de1_0.contacto,
        de1_0.cp,
        de1_0.direccion,
        de1_0.nombre_alias,
        de1_0.poblacion,
        de1_0.provincia,
        de1_0.telefono,
        de1_0.tenant_id 
    from
        delivery_addresses de1_0 
    where
        de1_0.customer_id=?
2026-03-18T00:10:21.982+01:00 DEBUG 41356 --- [aluon-saas-backend] [nio-8080-exec-5] org.hibernate.SQL                        : 
    select
        de1_0.customer_id,
        de1_0.id,
        de1_0.contacto,
        de1_0.cp,
        de1_0.direccion,
        de1_0.nombre_alias,
        de1_0.poblacion,
        de1_0.provincia,
        de1_0.telefono,
        de1_0.tenant_id 
    from
        delivery_addresses de1_0 
    where
        de1_0.customer_id=?
Hibernate: 
    select
        de1_0.customer_id,
        de1_0.id,
        de1_0.contacto,
        de1_0.cp,
        de1_0.direccion,
        de1_0.nombre_alias,
        de1_0.poblacion,
        de1_0.provincia,
        de1_0.telefono,
        de1_0.tenant_id 
    from
        delivery_addresses de1_0 
    where
        de1_0.customer_id=?
2026-03-18T00:10:21.988+01:00 DEBUG 41356 --- [aluon-saas-backend] [nio-8080-exec-5] org.hibernate.SQL                        : 
    select
        de1_0.customer_id,
        de1_0.id,
        de1_0.contacto,
        de1_0.cp,
        de1_0.direccion,
        de1_0.nombre_alias,
        de1_0.poblacion,
        de1_0.provincia,
        de1_0.telefono,
        de1_0.tenant_id 
    from
        delivery_addresses de1_0 
    where
        de1_0.customer_id=?
Hibernate: 
    select
        de1_0.customer_id,
        de1_0.id,
        de1_0.contacto,
        de1_0.cp,
        de1_0.direccion,
        de1_0.nombre_alias,
        de1_0.poblacion,
        de1_0.provincia,
        de1_0.telefono,
        de1_0.tenant_id 
    from
        delivery_addresses de1_0 
    where
        de1_0.customer_id=?
2026-03-18T00:10:21.991+01:00 DEBUG 41356 --- [aluon-saas-backend] [nio-8080-exec-5] o.s.web.servlet.DispatcherServlet        : Completed 200 OK
2026-03-18T00:10:22.010+01:00 DEBUG 41356 --- [aluon-saas-backend] [nio-8080-exec-7] o.s.web.servlet.DispatcherServlet        : GET "/api/customers", parameters={}
2026-03-18T00:10:22.011+01:00 DEBUG 41356 --- [aluon-saas-backend] [nio-8080-exec-7] s.w.s.m.m.a.RequestMappingHandlerMapping : Mapped to com.aluon.crm.customer.CustomerController#getAll()
2026-03-18T00:10:22.018+01:00 DEBUG 41356 --- [aluon-saas-backend] [nio-8080-exec-7] org.hibernate.SQL                        : 
    select
        c1_0.id,
        c1_0.cp,
        c1_0.dias_vencimiento,
        c1_0.direccion,
        c1_0.email,
        c1_0.forma_pago,
        c1_0.iban,
        c1_0.nombre_comercial,
        c1_0.pais,
        c1_0.persona_contacto,
        c1_0.poblacion,
        c1_0.provincia,
        c1_0.razon_social,
        c1_0.remanente,
        c1_0.tarifa,
        c1_0.telefono,
        c1_0.tenant_id,
        c1_0.tipo_documento 
    from
        customers c1_0 
    where
        c1_0.tenant_id = ?
Hibernate: 
    select
        c1_0.id,
        c1_0.cp,
        c1_0.dias_vencimiento,
        c1_0.direccion,
        c1_0.email,
        c1_0.forma_pago,
        c1_0.iban,
        c1_0.nombre_comercial,
        c1_0.pais,
        c1_0.persona_contacto,
        c1_0.poblacion,
        c1_0.provincia,
        c1_0.razon_social,
        c1_0.remanente,
        c1_0.tarifa,
        c1_0.telefono,
        c1_0.tenant_id,
        c1_0.tipo_documento 
    from
        customers c1_0 
    where
        c1_0.tenant_id = ?
2026-03-18T00:10:22.033+01:00 DEBUG 41356 --- [aluon-saas-backend] [nio-8080-exec-7] m.m.a.RequestResponseBodyMethodProcessor : Using 'application/json', given [*/*] and supported [application/json, application/*+json]
2026-03-18T00:10:22.034+01:00 DEBUG 41356 --- [aluon-saas-backend] [nio-8080-exec-7] m.m.a.RequestResponseBodyMethodProcessor : Writing [[com.aluon.crm.customer.Customer@5bfea128, com.aluon.crm.customer.Customer@2a8c74be, com.aluon.crm.c (truncated)...]
2026-03-18T00:10:22.037+01:00 DEBUG 41356 --- [aluon-saas-backend] [nio-8080-exec-7] org.hibernate.SQL                        : 
    select
        de1_0.customer_id,
        de1_0.id,
        de1_0.contacto,
        de1_0.cp,
        de1_0.direccion,
        de1_0.nombre_alias,
        de1_0.poblacion,
        de1_0.provincia,
        de1_0.telefono,
        de1_0.tenant_id 
    from
        delivery_addresses de1_0 
    where
        de1_0.customer_id=?
Hibernate: 
    select
        de1_0.customer_id,
        de1_0.id,
        de1_0.contacto,
        de1_0.cp,
        de1_0.direccion,
        de1_0.nombre_alias,
        de1_0.poblacion,
        de1_0.provincia,
        de1_0.telefono,
        de1_0.tenant_id 
    from
        delivery_addresses de1_0 
    where
        de1_0.customer_id=?
2026-03-18T00:10:22.041+01:00 DEBUG 41356 --- [aluon-saas-backend] [nio-8080-exec-7] org.hibernate.SQL                        : 
    select
        de1_0.customer_id,
        de1_0.id,
        de1_0.contacto,
        de1_0.cp,
        de1_0.direccion,
        de1_0.nombre_alias,
        de1_0.poblacion,
        de1_0.provincia,
        de1_0.telefono,
        de1_0.tenant_id 
    from
        delivery_addresses de1_0 
    where
        de1_0.customer_id=?
Hibernate: 
    select
        de1_0.customer_id,
        de1_0.id,
        de1_0.contacto,
        de1_0.cp,
        de1_0.direccion,
        de1_0.nombre_alias,
        de1_0.poblacion,
        de1_0.provincia,
        de1_0.telefono,
        de1_0.tenant_id 
    from
        delivery_addresses de1_0 
    where
        de1_0.customer_id=?
2026-03-18T00:10:22.046+01:00 DEBUG 41356 --- [aluon-saas-backend] [nio-8080-exec-7] org.hibernate.SQL                        : 
    select
        de1_0.customer_id,
        de1_0.id,
        de1_0.contacto,
        de1_0.cp,
        de1_0.direccion,
        de1_0.nombre_alias,
        de1_0.poblacion,
        de1_0.provincia,
        de1_0.telefono,
        de1_0.tenant_id 
    from
        delivery_addresses de1_0 
    where
        de1_0.customer_id=?
Hibernate: 
    select
        de1_0.customer_id,
        de1_0.id,
        de1_0.contacto,
        de1_0.cp,
        de1_0.direccion,
        de1_0.nombre_alias,
        de1_0.poblacion,
        de1_0.provincia,
        de1_0.telefono,
        de1_0.tenant_id 
    from
        delivery_addresses de1_0 
    where
        de1_0.customer_id=?
2026-03-18T00:10:22.049+01:00 DEBUG 41356 --- [aluon-saas-backend] [nio-8080-exec-7] org.hibernate.SQL                        : 
    select
        de1_0.customer_id,
        de1_0.id,
        de1_0.contacto,
        de1_0.cp,
        de1_0.direccion,
        de1_0.nombre_alias,
        de1_0.poblacion,
        de1_0.provincia,
        de1_0.telefono,
        de1_0.tenant_id 
    from
        delivery_addresses de1_0 
    where
        de1_0.customer_id=?
Hibernate: 
    select
        de1_0.customer_id,
        de1_0.id,
        de1_0.contacto,
        de1_0.cp,
        de1_0.direccion,
        de1_0.nombre_alias,
        de1_0.poblacion,
        de1_0.provincia,
        de1_0.telefono,
        de1_0.tenant_id 
    from
        delivery_addresses de1_0 
    where
        de1_0.customer_id=?
2026-03-18T00:10:22.055+01:00 DEBUG 41356 --- [aluon-saas-backend] [nio-8080-exec-7] org.hibernate.SQL                        : 
    select
        de1_0.customer_id,
        de1_0.id,
        de1_0.contacto,
        de1_0.cp,
        de1_0.direccion,
        de1_0.nombre_alias,
        de1_0.poblacion,
        de1_0.provincia,
        de1_0.telefono,
        de1_0.tenant_id 
    from
        delivery_addresses de1_0 
    where
        de1_0.customer_id=?
Hibernate: 
    select
        de1_0.customer_id,
        de1_0.id,
        de1_0.contacto,
        de1_0.cp,
        de1_0.direccion,
        de1_0.nombre_alias,
        de1_0.poblacion,
        de1_0.provincia,
        de1_0.telefono,
        de1_0.tenant_id 
    from
        delivery_addresses de1_0 
    where
        de1_0.customer_id=?
2026-03-18T00:10:22.059+01:00 DEBUG 41356 --- [aluon-saas-backend] [nio-8080-exec-7] org.hibernate.SQL                        : 
    select
        de1_0.customer_id,
        de1_0.id,
        de1_0.contacto,
        de1_0.cp,
        de1_0.direccion,
        de1_0.nombre_alias,
        de1_0.poblacion,
        de1_0.provincia,
        de1_0.telefono,
        de1_0.tenant_id 
    from
        delivery_addresses de1_0 
    where
        de1_0.customer_id=?
Hibernate: 
    select
        de1_0.customer_id,
        de1_0.id,
        de1_0.contacto,
        de1_0.cp,
        de1_0.direccion,
        de1_0.nombre_alias,
        de1_0.poblacion,
        de1_0.provincia,
        de1_0.telefono,
        de1_0.tenant_id 
    from
        delivery_addresses de1_0 
    where
        de1_0.customer_id=?
2026-03-18T00:10:22.063+01:00 DEBUG 41356 --- [aluon-saas-backend] [nio-8080-exec-7] org.hibernate.SQL                        : 
    select
        de1_0.customer_id,
        de1_0.id,
        de1_0.contacto,
        de1_0.cp,
        de1_0.direccion,
        de1_0.nombre_alias,
        de1_0.poblacion,
        de1_0.provincia,
        de1_0.telefono,
        de1_0.tenant_id 
    from
        delivery_addresses de1_0 
    where
        de1_0.customer_id=?
Hibernate: 
    select
        de1_0.customer_id,
        de1_0.id,
        de1_0.contacto,
        de1_0.cp,
        de1_0.direccion,
        de1_0.nombre_alias,
        de1_0.poblacion,
        de1_0.provincia,
        de1_0.telefono,
        de1_0.tenant_id 
    from
        delivery_addresses de1_0 
    where
        de1_0.customer_id=?
2026-03-18T00:10:22.066+01:00 DEBUG 41356 --- [aluon-saas-backend] [nio-8080-exec-7] org.hibernate.SQL                        : 
    select
        de1_0.customer_id,
        de1_0.id,
        de1_0.contacto,
        de1_0.cp,
        de1_0.direccion,
        de1_0.nombre_alias,
        de1_0.poblacion,
        de1_0.provincia,
        de1_0.telefono,
        de1_0.tenant_id 
    from
        delivery_addresses de1_0 
    where
        de1_0.customer_id=?
Hibernate: 
    select
        de1_0.customer_id,
        de1_0.id,
        de1_0.contacto,
        de1_0.cp,
        de1_0.direccion,
        de1_0.nombre_alias,
        de1_0.poblacion,
        de1_0.provincia,
        de1_0.telefono,
        de1_0.tenant_id 
    from
        delivery_addresses de1_0 
    where
        de1_0.customer_id=?
2026-03-18T00:10:22.070+01:00 DEBUG 41356 --- [aluon-saas-backend] [nio-8080-exec-7] org.hibernate.SQL                        : 
    select
        de1_0.customer_id,
        de1_0.id,
        de1_0.contacto,
        de1_0.cp,
        de1_0.direccion,
        de1_0.nombre_alias,
        de1_0.poblacion,
        de1_0.provincia,
        de1_0.telefono,
        de1_0.tenant_id 
    from
        delivery_addresses de1_0 
    where
        de1_0.customer_id=?
Hibernate: 
    select
        de1_0.customer_id,
        de1_0.id,
        de1_0.contacto,
        de1_0.cp,
        de1_0.direccion,
        de1_0.nombre_alias,
        de1_0.poblacion,
        de1_0.provincia,
        de1_0.telefono,
        de1_0.tenant_id 
    from
        delivery_addresses de1_0 
    where
        de1_0.customer_id=?
2026-03-18T00:10:22.074+01:00 DEBUG 41356 --- [aluon-saas-backend] [nio-8080-exec-7] org.hibernate.SQL                        : 
    select
        de1_0.customer_id,
        de1_0.id,
        de1_0.contacto,
        de1_0.cp,
        de1_0.direccion,
        de1_0.nombre_alias,
        de1_0.poblacion,
        de1_0.provincia,
        de1_0.telefono,
        de1_0.tenant_id 
    from
        delivery_addresses de1_0 
    where
        de1_0.customer_id=?
Hibernate: 
    select
        de1_0.customer_id,
        de1_0.id,
        de1_0.contacto,
        de1_0.cp,
        de1_0.direccion,
        de1_0.nombre_alias,
        de1_0.poblacion,
        de1_0.provincia,
        de1_0.telefono,
        de1_0.tenant_id 
    from
        delivery_addresses de1_0 
    where
        de1_0.customer_id=?
2026-03-18T00:10:22.079+01:00 DEBUG 41356 --- [aluon-saas-backend] [nio-8080-exec-7] o.s.web.servlet.DispatcherServlet        : Completed 200 OK
2026-03-18T00:11:02.591+01:00 DEBUG 41356 --- [aluon-saas-backend] [nio-8080-exec-6] o.s.web.servlet.DispatcherServlet        : GET "/api/customers", parameters={}
2026-03-18T00:11:02.593+01:00 DEBUG 41356 --- [aluon-saas-backend] [nio-8080-exec-6] s.w.s.m.m.a.RequestMappingHandlerMapping : Mapped to com.aluon.crm.customer.CustomerController#getAll()
2026-03-18T00:11:02.600+01:00 DEBUG 41356 --- [aluon-saas-backend] [nio-8080-exec-6] org.hibernate.SQL                        : 
    select
        c1_0.id,
        c1_0.cp,
        c1_0.dias_vencimiento,
        c1_0.direccion,
        c1_0.email,
        c1_0.forma_pago,
        c1_0.iban,
        c1_0.nombre_comercial,
        c1_0.pais,
        c1_0.persona_contacto,
        c1_0.poblacion,
        c1_0.provincia,
        c1_0.razon_social,
        c1_0.remanente,
        c1_0.tarifa,
        c1_0.telefono,
        c1_0.tenant_id,
        c1_0.tipo_documento 
    from
        customers c1_0 
    where
        c1_0.tenant_id = ?
Hibernate: 
    select
        c1_0.id,
        c1_0.cp,
        c1_0.dias_vencimiento,
        c1_0.direccion,
        c1_0.email,
        c1_0.forma_pago,
        c1_0.iban,
        c1_0.nombre_comercial,
        c1_0.pais,
        c1_0.persona_contacto,
        c1_0.poblacion,
        c1_0.provincia,
        c1_0.razon_social,
        c1_0.remanente,
        c1_0.tarifa,
        c1_0.telefono,
        c1_0.tenant_id,
        c1_0.tipo_documento 
    from
        customers c1_0 
    where
        c1_0.tenant_id = ?
2026-03-18T00:11:02.618+01:00 DEBUG 41356 --- [aluon-saas-backend] [nio-8080-exec-6] m.m.a.RequestResponseBodyMethodProcessor : Using 'application/json', given [*/*] and supported [application/json, application/*+json]
2026-03-18T00:11:02.619+01:00 DEBUG 41356 --- [aluon-saas-backend] [nio-8080-exec-6] m.m.a.RequestResponseBodyMethodProcessor : Writing [[com.aluon.crm.customer.Customer@774b2b5b, com.aluon.crm.customer.Customer@12b41925, com.aluon.crm.c (truncated)...]
2026-03-18T00:11:02.622+01:00 DEBUG 41356 --- [aluon-saas-backend] [nio-8080-exec-6] org.hibernate.SQL                        : 
    select
        de1_0.customer_id,
        de1_0.id,
        de1_0.contacto,
        de1_0.cp,
        de1_0.direccion,
        de1_0.nombre_alias,
        de1_0.poblacion,
        de1_0.provincia,
        de1_0.telefono,
        de1_0.tenant_id 
    from
        delivery_addresses de1_0 
    where
        de1_0.customer_id=?
Hibernate: 
    select
        de1_0.customer_id,
        de1_0.id,
        de1_0.contacto,
        de1_0.cp,
        de1_0.direccion,
        de1_0.nombre_alias,
        de1_0.poblacion,
        de1_0.provincia,
        de1_0.telefono,
        de1_0.tenant_id 
    from
        delivery_addresses de1_0 
    where
        de1_0.customer_id=?
2026-03-18T00:11:02.631+01:00 DEBUG 41356 --- [aluon-saas-backend] [nio-8080-exec-6] org.hibernate.SQL                        : 
    select
        de1_0.customer_id,
        de1_0.id,
        de1_0.contacto,
        de1_0.cp,
        de1_0.direccion,
        de1_0.nombre_alias,
        de1_0.poblacion,
        de1_0.provincia,
        de1_0.telefono,
        de1_0.tenant_id 
    from
        delivery_addresses de1_0 
    where
        de1_0.customer_id=?
Hibernate: 
    select
        de1_0.customer_id,
        de1_0.id,
        de1_0.contacto,
        de1_0.cp,
        de1_0.direccion,
        de1_0.nombre_alias,
        de1_0.poblacion,
        de1_0.provincia,
        de1_0.telefono,
        de1_0.tenant_id 
    from
        delivery_addresses de1_0 
    where
        de1_0.customer_id=?
2026-03-18T00:11:02.639+01:00 DEBUG 41356 --- [aluon-saas-backend] [nio-8080-exec-6] org.hibernate.SQL                        : 
    select
        de1_0.customer_id,
        de1_0.id,
        de1_0.contacto,
        de1_0.cp,
        de1_0.direccion,
        de1_0.nombre_alias,
        de1_0.poblacion,
        de1_0.provincia,
        de1_0.telefono,
        de1_0.tenant_id 
    from
        delivery_addresses de1_0 
    where
        de1_0.customer_id=?
Hibernate: 
    select
        de1_0.customer_id,
        de1_0.id,
        de1_0.contacto,
        de1_0.cp,
        de1_0.direccion,
        de1_0.nombre_alias,
        de1_0.poblacion,
        de1_0.provincia,
        de1_0.telefono,
        de1_0.tenant_id 
    from
        delivery_addresses de1_0 
    where
        de1_0.customer_id=?
2026-03-18T00:11:02.650+01:00 DEBUG 41356 --- [aluon-saas-backend] [nio-8080-exec-6] org.hibernate.SQL                        : 
    select
        de1_0.customer_id,
        de1_0.id,
        de1_0.contacto,
        de1_0.cp,
        de1_0.direccion,
        de1_0.nombre_alias,
        de1_0.poblacion,
        de1_0.provincia,
        de1_0.telefono,
        de1_0.tenant_id 
    from
        delivery_addresses de1_0 
    where
        de1_0.customer_id=?
Hibernate: 
    select
        de1_0.customer_id,
        de1_0.id,
        de1_0.contacto,
        de1_0.cp,
        de1_0.direccion,
        de1_0.nombre_alias,
        de1_0.poblacion,
        de1_0.provincia,
        de1_0.telefono,
        de1_0.tenant_id 
    from
        delivery_addresses de1_0 
    where
        de1_0.customer_id=?
2026-03-18T00:11:02.655+01:00 DEBUG 41356 --- [aluon-saas-backend] [nio-8080-exec-6] org.hibernate.SQL                        : 
    select
        de1_0.customer_id,
        de1_0.id,
        de1_0.contacto,
        de1_0.cp,
        de1_0.direccion,
        de1_0.nombre_alias,
        de1_0.poblacion,
        de1_0.provincia,
        de1_0.telefono,
        de1_0.tenant_id 
    from
        delivery_addresses de1_0 
    where
        de1_0.customer_id=?
Hibernate: 
    select
        de1_0.customer_id,
        de1_0.id,
        de1_0.contacto,
        de1_0.cp,
        de1_0.direccion,
        de1_0.nombre_alias,
        de1_0.poblacion,
        de1_0.provincia,
        de1_0.telefono,
        de1_0.tenant_id 
    from
        delivery_addresses de1_0 
    where
        de1_0.customer_id=?
2026-03-18T00:11:02.662+01:00 DEBUG 41356 --- [aluon-saas-backend] [nio-8080-exec-6] org.hibernate.SQL                        : 
    select
        de1_0.customer_id,
        de1_0.id,
        de1_0.contacto,
        de1_0.cp,
        de1_0.direccion,
        de1_0.nombre_alias,
        de1_0.poblacion,
        de1_0.provincia,
        de1_0.telefono,
        de1_0.tenant_id 
    from
        delivery_addresses de1_0 
    where
        de1_0.customer_id=?
Hibernate: 
    select
        de1_0.customer_id,
        de1_0.id,
        de1_0.contacto,
        de1_0.cp,
        de1_0.direccion,
        de1_0.nombre_alias,
        de1_0.poblacion,
        de1_0.provincia,
        de1_0.telefono,
        de1_0.tenant_id 
    from
        delivery_addresses de1_0 
    where
        de1_0.customer_id=?
2026-03-18T00:11:02.666+01:00 DEBUG 41356 --- [aluon-saas-backend] [nio-8080-exec-6] org.hibernate.SQL                        : 
    select
        de1_0.customer_id,
        de1_0.id,
        de1_0.contacto,
        de1_0.cp,
        de1_0.direccion,
        de1_0.nombre_alias,
        de1_0.poblacion,
        de1_0.provincia,
        de1_0.telefono,
        de1_0.tenant_id 
    from
        delivery_addresses de1_0 
    where
        de1_0.customer_id=?
Hibernate: 
    select
        de1_0.customer_id,
        de1_0.id,
        de1_0.contacto,
        de1_0.cp,
        de1_0.direccion,
        de1_0.nombre_alias,
        de1_0.poblacion,
        de1_0.provincia,
        de1_0.telefono,
        de1_0.tenant_id 
    from
        delivery_addresses de1_0 
    where
        de1_0.customer_id=?
2026-03-18T00:11:02.672+01:00 DEBUG 41356 --- [aluon-saas-backend] [nio-8080-exec-6] org.hibernate.SQL                        : 
    select
        de1_0.customer_id,
        de1_0.id,
        de1_0.contacto,
        de1_0.cp,
        de1_0.direccion,
        de1_0.nombre_alias,
        de1_0.poblacion,
        de1_0.provincia,
        de1_0.telefono,
        de1_0.tenant_id 
    from
        delivery_addresses de1_0 
    where
        de1_0.customer_id=?
Hibernate: 
    select
        de1_0.customer_id,
        de1_0.id,
        de1_0.contacto,
        de1_0.cp,
        de1_0.direccion,
        de1_0.nombre_alias,
        de1_0.poblacion,
        de1_0.provincia,
        de1_0.telefono,
        de1_0.tenant_id 
    from
        delivery_addresses de1_0 
    where
        de1_0.customer_id=?
2026-03-18T00:11:02.679+01:00 DEBUG 41356 --- [aluon-saas-backend] [nio-8080-exec-6] org.hibernate.SQL                        : 
    select
        de1_0.customer_id,
        de1_0.id,
        de1_0.contacto,
        de1_0.cp,
        de1_0.direccion,
        de1_0.nombre_alias,
        de1_0.poblacion,
        de1_0.provincia,
        de1_0.telefono,
        de1_0.tenant_id 
    from
        delivery_addresses de1_0 
    where
        de1_0.customer_id=?
Hibernate: 
    select
        de1_0.customer_id,
        de1_0.id,
        de1_0.contacto,
        de1_0.cp,
        de1_0.direccion,
        de1_0.nombre_alias,
        de1_0.poblacion,
        de1_0.provincia,
        de1_0.telefono,
        de1_0.tenant_id 
    from
        delivery_addresses de1_0 
    where
        de1_0.customer_id=?
2026-03-18T00:11:02.685+01:00 DEBUG 41356 --- [aluon-saas-backend] [nio-8080-exec-6] org.hibernate.SQL                        : 
    select
        de1_0.customer_id,
        de1_0.id,
        de1_0.contacto,
        de1_0.cp,
        de1_0.direccion,
        de1_0.nombre_alias,
        de1_0.poblacion,
        de1_0.provincia,
        de1_0.telefono,
        de1_0.tenant_id 
    from
        delivery_addresses de1_0 
    where
        de1_0.customer_id=?
Hibernate: 
    select
        de1_0.customer_id,
        de1_0.id,
        de1_0.contacto,
        de1_0.cp,
        de1_0.direccion,
        de1_0.nombre_alias,
        de1_0.poblacion,
        de1_0.provincia,
        de1_0.telefono,
        de1_0.tenant_id 
    from
        delivery_addresses de1_0 
    where
        de1_0.customer_id=?
2026-03-18T00:11:02.691+01:00 DEBUG 41356 --- [aluon-saas-backend] [nio-8080-exec-6] o.s.web.servlet.DispatcherServlet        : Completed 200 OK
2026-03-18T00:11:02.705+01:00 DEBUG 41356 --- [aluon-saas-backend] [nio-8080-exec-8] o.s.web.servlet.DispatcherServlet        : GET "/api/customers", parameters={}
2026-03-18T00:11:02.707+01:00 DEBUG 41356 --- [aluon-saas-backend] [nio-8080-exec-8] s.w.s.m.m.a.RequestMappingHandlerMapping : Mapped to com.aluon.crm.customer.CustomerController#getAll()
2026-03-18T00:11:02.714+01:00 DEBUG 41356 --- [aluon-saas-backend] [nio-8080-exec-8] org.hibernate.SQL                        : 
    select
        c1_0.id,
        c1_0.cp,
        c1_0.dias_vencimiento,
        c1_0.direccion,
        c1_0.email,
        c1_0.forma_pago,
        c1_0.iban,
        c1_0.nombre_comercial,
        c1_0.pais,
        c1_0.persona_contacto,
        c1_0.poblacion,
        c1_0.provincia,
        c1_0.razon_social,
        c1_0.remanente,
        c1_0.tarifa,
        c1_0.telefono,
        c1_0.tenant_id,
        c1_0.tipo_documento 
    from
        customers c1_0 
    where
        c1_0.tenant_id = ?
Hibernate: 
    select
        c1_0.id,
        c1_0.cp,
        c1_0.dias_vencimiento,
        c1_0.direccion,
        c1_0.email,
        c1_0.forma_pago,
        c1_0.iban,
        c1_0.nombre_comercial,
        c1_0.pais,
        c1_0.persona_contacto,
        c1_0.poblacion,
        c1_0.provincia,
        c1_0.razon_social,
        c1_0.remanente,
        c1_0.tarifa,
        c1_0.telefono,
        c1_0.tenant_id,
        c1_0.tipo_documento 
    from
        customers c1_0 
    where
        c1_0.tenant_id = ?
2026-03-18T00:11:02.735+01:00 DEBUG 41356 --- [aluon-saas-backend] [nio-8080-exec-8] m.m.a.RequestResponseBodyMethodProcessor : Using 'application/json', given [*/*] and supported [application/json, application/*+json]
2026-03-18T00:11:02.735+01:00 DEBUG 41356 --- [aluon-saas-backend] [nio-8080-exec-8] m.m.a.RequestResponseBodyMethodProcessor : Writing [[com.aluon.crm.customer.Customer@680cb1f7, com.aluon.crm.customer.Customer@56e24a50, com.aluon.crm.c (truncated)...]
2026-03-18T00:11:02.737+01:00 DEBUG 41356 --- [aluon-saas-backend] [nio-8080-exec-8] org.hibernate.SQL                        : 
    select
        de1_0.customer_id,
        de1_0.id,
        de1_0.contacto,
        de1_0.cp,
        de1_0.direccion,
        de1_0.nombre_alias,
        de1_0.poblacion,
        de1_0.provincia,
        de1_0.telefono,
        de1_0.tenant_id 
    from
        delivery_addresses de1_0 
    where
        de1_0.customer_id=?
Hibernate: 
    select
        de1_0.customer_id,
        de1_0.id,
        de1_0.contacto,
        de1_0.cp,
        de1_0.direccion,
        de1_0.nombre_alias,
        de1_0.poblacion,
        de1_0.provincia,
        de1_0.telefono,
        de1_0.tenant_id 
    from
        delivery_addresses de1_0 
    where
        de1_0.customer_id=?
2026-03-18T00:11:02.741+01:00 DEBUG 41356 --- [aluon-saas-backend] [nio-8080-exec-8] org.hibernate.SQL                        : 
    select
        de1_0.customer_id,
        de1_0.id,
        de1_0.contacto,
        de1_0.cp,
        de1_0.direccion,
        de1_0.nombre_alias,
        de1_0.poblacion,
        de1_0.provincia,
        de1_0.telefono,
        de1_0.tenant_id 
    from
        delivery_addresses de1_0 
    where
        de1_0.customer_id=?
Hibernate: 
    select
        de1_0.customer_id,
        de1_0.id,
        de1_0.contacto,
        de1_0.cp,
        de1_0.direccion,
        de1_0.nombre_alias,
        de1_0.poblacion,
        de1_0.provincia,
        de1_0.telefono,
        de1_0.tenant_id 
    from
        delivery_addresses de1_0 
    where
        de1_0.customer_id=?
2026-03-18T00:11:02.746+01:00 DEBUG 41356 --- [aluon-saas-backend] [nio-8080-exec-8] org.hibernate.SQL                        : 
    select
        de1_0.customer_id,
        de1_0.id,
        de1_0.contacto,
        de1_0.cp,
        de1_0.direccion,
        de1_0.nombre_alias,
        de1_0.poblacion,
        de1_0.provincia,
        de1_0.telefono,
        de1_0.tenant_id 
    from
        delivery_addresses de1_0 
    where
        de1_0.customer_id=?
Hibernate: 
    select
        de1_0.customer_id,
        de1_0.id,
        de1_0.contacto,
        de1_0.cp,
        de1_0.direccion,
        de1_0.nombre_alias,
        de1_0.poblacion,
        de1_0.provincia,
        de1_0.telefono,
        de1_0.tenant_id 
    from
        delivery_addresses de1_0 
    where
        de1_0.customer_id=?
2026-03-18T00:11:02.752+01:00 DEBUG 41356 --- [aluon-saas-backend] [nio-8080-exec-8] org.hibernate.SQL                        : 
    select
        de1_0.customer_id,
        de1_0.id,
        de1_0.contacto,
        de1_0.cp,
        de1_0.direccion,
        de1_0.nombre_alias,
        de1_0.poblacion,
        de1_0.provincia,
        de1_0.telefono,
        de1_0.tenant_id 
    from
        delivery_addresses de1_0 
    where
        de1_0.customer_id=?
Hibernate: 
    select
        de1_0.customer_id,
        de1_0.id,
        de1_0.contacto,
        de1_0.cp,
        de1_0.direccion,
        de1_0.nombre_alias,
        de1_0.poblacion,
        de1_0.provincia,
        de1_0.telefono,
        de1_0.tenant_id 
    from
        delivery_addresses de1_0 
    where
        de1_0.customer_id=?
2026-03-18T00:11:02.758+01:00 DEBUG 41356 --- [aluon-saas-backend] [nio-8080-exec-8] org.hibernate.SQL                        : 
    select
        de1_0.customer_id,
        de1_0.id,
        de1_0.contacto,
        de1_0.cp,
        de1_0.direccion,
        de1_0.nombre_alias,
        de1_0.poblacion,
        de1_0.provincia,
        de1_0.telefono,
        de1_0.tenant_id 
    from
        delivery_addresses de1_0 
    where
        de1_0.customer_id=?
Hibernate: 
    select
        de1_0.customer_id,
        de1_0.id,
        de1_0.contacto,
        de1_0.cp,
        de1_0.direccion,
        de1_0.nombre_alias,
        de1_0.poblacion,
        de1_0.provincia,
        de1_0.telefono,
        de1_0.tenant_id 
    from
        delivery_addresses de1_0 
    where
        de1_0.customer_id=?
2026-03-18T00:11:02.762+01:00 DEBUG 41356 --- [aluon-saas-backend] [nio-8080-exec-8] org.hibernate.SQL                        : 
    select
        de1_0.customer_id,
        de1_0.id,
        de1_0.contacto,
        de1_0.cp,
        de1_0.direccion,
        de1_0.nombre_alias,
        de1_0.poblacion,
        de1_0.provincia,
        de1_0.telefono,
        de1_0.tenant_id 
    from
        delivery_addresses de1_0 
    where
        de1_0.customer_id=?
Hibernate: 
    select
        de1_0.customer_id,
        de1_0.id,
        de1_0.contacto,
        de1_0.cp,
        de1_0.direccion,
        de1_0.nombre_alias,
        de1_0.poblacion,
        de1_0.provincia,
        de1_0.telefono,
        de1_0.tenant_id 
    from
        delivery_addresses de1_0 
    where
        de1_0.customer_id=?
2026-03-18T00:11:02.768+01:00 DEBUG 41356 --- [aluon-saas-backend] [nio-8080-exec-8] org.hibernate.SQL                        : 
    select
        de1_0.customer_id,
        de1_0.id,
        de1_0.contacto,
        de1_0.cp,
        de1_0.direccion,
        de1_0.nombre_alias,
        de1_0.poblacion,
        de1_0.provincia,
        de1_0.telefono,
        de1_0.tenant_id 
    from
        delivery_addresses de1_0 
    where
        de1_0.customer_id=?
Hibernate: 
    select
        de1_0.customer_id,
        de1_0.id,
        de1_0.contacto,
        de1_0.cp,
        de1_0.direccion,
        de1_0.nombre_alias,
        de1_0.poblacion,
        de1_0.provincia,
        de1_0.telefono,
        de1_0.tenant_id 
    from
        delivery_addresses de1_0 
    where
        de1_0.customer_id=?
2026-03-18T00:11:02.772+01:00 DEBUG 41356 --- [aluon-saas-backend] [nio-8080-exec-8] org.hibernate.SQL                        : 
    select
        de1_0.customer_id,
        de1_0.id,
        de1_0.contacto,
        de1_0.cp,
        de1_0.direccion,
        de1_0.nombre_alias,
        de1_0.poblacion,
        de1_0.provincia,
        de1_0.telefono,
        de1_0.tenant_id 
    from
        delivery_addresses de1_0 
    where
        de1_0.customer_id=?
Hibernate: 
    select
        de1_0.customer_id,
        de1_0.id,
        de1_0.contacto,
        de1_0.cp,
        de1_0.direccion,
        de1_0.nombre_alias,
        de1_0.poblacion,
        de1_0.provincia,
        de1_0.telefono,
        de1_0.tenant_id 
    from
        delivery_addresses de1_0 
    where
        de1_0.customer_id=?
2026-03-18T00:11:02.777+01:00 DEBUG 41356 --- [aluon-saas-backend] [nio-8080-exec-8] org.hibernate.SQL                        : 
    select
        de1_0.customer_id,
        de1_0.id,
        de1_0.contacto,
        de1_0.cp,
        de1_0.direccion,
        de1_0.nombre_alias,
        de1_0.poblacion,
        de1_0.provincia,
        de1_0.telefono,
        de1_0.tenant_id 
    from
        delivery_addresses de1_0 
    where
        de1_0.customer_id=?
Hibernate: 
    select
        de1_0.customer_id,
        de1_0.id,
        de1_0.contacto,
        de1_0.cp,
        de1_0.direccion,
        de1_0.nombre_alias,
        de1_0.poblacion,
        de1_0.provincia,
        de1_0.telefono,
        de1_0.tenant_id 
    from
        delivery_addresses de1_0 
    where
        de1_0.customer_id=?
2026-03-18T00:11:02.782+01:00 DEBUG 41356 --- [aluon-saas-backend] [nio-8080-exec-8] org.hibernate.SQL                        : 
    select
        de1_0.customer_id,
        de1_0.id,
        de1_0.contacto,
        de1_0.cp,
        de1_0.direccion,
        de1_0.nombre_alias,
        de1_0.poblacion,
        de1_0.provincia,
        de1_0.telefono,
        de1_0.tenant_id 
    from
        delivery_addresses de1_0 
    where
        de1_0.customer_id=?
Hibernate: 
    select
        de1_0.customer_id,
        de1_0.id,
        de1_0.contacto,
        de1_0.cp,
        de1_0.direccion,
        de1_0.nombre_alias,
        de1_0.poblacion,
        de1_0.provincia,
        de1_0.telefono,
        de1_0.tenant_id 
    from
        delivery_addresses de1_0 
    where
        de1_0.customer_id=?
2026-03-18T00:11:02.786+01:00 DEBUG 41356 --- [aluon-saas-backend] [nio-8080-exec-8] o.s.web.servlet.DispatcherServlet        : Completed 200 OK
2026-03-18T00:13:33.195+01:00 DEBUG 41356 --- [aluon-saas-backend] [nio-8080-exec-1] o.s.web.servlet.DispatcherServlet        : GET "/api/customers", parameters={}
2026-03-18T00:13:33.198+01:00 DEBUG 41356 --- [aluon-saas-backend] [nio-8080-exec-1] s.w.s.m.m.a.RequestMappingHandlerMapping : Mapped to com.aluon.crm.customer.CustomerController#getAll()
2026-03-18T00:13:33.207+01:00 DEBUG 41356 --- [aluon-saas-backend] [nio-8080-exec-1] org.hibernate.SQL                        : 
    select
        c1_0.id,
        c1_0.cp,
        c1_0.dias_vencimiento,
        c1_0.direccion,
        c1_0.email,
        c1_0.forma_pago,
        c1_0.iban,
        c1_0.nombre_comercial,
        c1_0.pais,
        c1_0.persona_contacto,
        c1_0.poblacion,
        c1_0.provincia,
        c1_0.razon_social,
        c1_0.remanente,
        c1_0.tarifa,
        c1_0.telefono,
        c1_0.tenant_id,
        c1_0.tipo_documento 
    from
        customers c1_0 
    where
        c1_0.tenant_id = ?
Hibernate: 
    select
        c1_0.id,
        c1_0.cp,
        c1_0.dias_vencimiento,
        c1_0.direccion,
        c1_0.email,
        c1_0.forma_pago,
        c1_0.iban,
        c1_0.nombre_comercial,
        c1_0.pais,
        c1_0.persona_contacto,
        c1_0.poblacion,
        c1_0.provincia,
        c1_0.razon_social,
        c1_0.remanente,
        c1_0.tarifa,
        c1_0.telefono,
        c1_0.tenant_id,
        c1_0.tipo_documento 
    from
        customers c1_0 
    where
        c1_0.tenant_id = ?
2026-03-18T00:13:33.221+01:00 DEBUG 41356 --- [aluon-saas-backend] [nio-8080-exec-1] m.m.a.RequestResponseBodyMethodProcessor : Using 'application/json', given [*/*] and supported [application/json, application/*+json]
2026-03-18T00:13:33.221+01:00 DEBUG 41356 --- [aluon-saas-backend] [nio-8080-exec-1] m.m.a.RequestResponseBodyMethodProcessor : Writing [[com.aluon.crm.customer.Customer@30bcbefd, com.aluon.crm.customer.Customer@4393c8df, com.aluon.crm.c (truncated)...]
2026-03-18T00:13:33.224+01:00 DEBUG 41356 --- [aluon-saas-backend] [nio-8080-exec-1] org.hibernate.SQL                        : 
    select
        de1_0.customer_id,
        de1_0.id,
        de1_0.contacto,
        de1_0.cp,
        de1_0.direccion,
        de1_0.nombre_alias,
        de1_0.poblacion,
        de1_0.provincia,
        de1_0.telefono,
        de1_0.tenant_id 
    from
        delivery_addresses de1_0 
    where
        de1_0.customer_id=?
Hibernate: 
    select
        de1_0.customer_id,
        de1_0.id,
        de1_0.contacto,
        de1_0.cp,
        de1_0.direccion,
        de1_0.nombre_alias,
        de1_0.poblacion,
        de1_0.provincia,
        de1_0.telefono,
        de1_0.tenant_id 
    from
        delivery_addresses de1_0 
    where
        de1_0.customer_id=?
2026-03-18T00:13:33.230+01:00 DEBUG 41356 --- [aluon-saas-backend] [nio-8080-exec-1] org.hibernate.SQL                        : 
    select
        de1_0.customer_id,
        de1_0.id,
        de1_0.contacto,
        de1_0.cp,
        de1_0.direccion,
        de1_0.nombre_alias,
        de1_0.poblacion,
        de1_0.provincia,
        de1_0.telefono,
        de1_0.tenant_id 
    from
        delivery_addresses de1_0 
    where
        de1_0.customer_id=?
Hibernate: 
    select
        de1_0.customer_id,
        de1_0.id,
        de1_0.contacto,
        de1_0.cp,
        de1_0.direccion,
        de1_0.nombre_alias,
        de1_0.poblacion,
        de1_0.provincia,
        de1_0.telefono,
        de1_0.tenant_id 
    from
        delivery_addresses de1_0 
    where
        de1_0.customer_id=?
2026-03-18T00:13:33.234+01:00 DEBUG 41356 --- [aluon-saas-backend] [nio-8080-exec-1] org.hibernate.SQL                        : 
    select
        de1_0.customer_id,
        de1_0.id,
        de1_0.contacto,
        de1_0.cp,
        de1_0.direccion,
        de1_0.nombre_alias,
        de1_0.poblacion,
        de1_0.provincia,
        de1_0.telefono,
        de1_0.tenant_id 
    from
        delivery_addresses de1_0 
    where
        de1_0.customer_id=?
Hibernate: 
    select
        de1_0.customer_id,
        de1_0.id,
        de1_0.contacto,
        de1_0.cp,
        de1_0.direccion,
        de1_0.nombre_alias,
        de1_0.poblacion,
        de1_0.provincia,
        de1_0.telefono,
        de1_0.tenant_id 
    from
        delivery_addresses de1_0 
    where
        de1_0.customer_id=?
2026-03-18T00:13:33.241+01:00 DEBUG 41356 --- [aluon-saas-backend] [nio-8080-exec-1] org.hibernate.SQL                        : 
    select
        de1_0.customer_id,
        de1_0.id,
        de1_0.contacto,
        de1_0.cp,
        de1_0.direccion,
        de1_0.nombre_alias,
        de1_0.poblacion,
        de1_0.provincia,
        de1_0.telefono,
        de1_0.tenant_id 
    from
        delivery_addresses de1_0 
    where
        de1_0.customer_id=?
Hibernate: 
    select
        de1_0.customer_id,
        de1_0.id,
        de1_0.contacto,
        de1_0.cp,
        de1_0.direccion,
        de1_0.nombre_alias,
        de1_0.poblacion,
        de1_0.provincia,
        de1_0.telefono,
        de1_0.tenant_id 
    from
        delivery_addresses de1_0 
    where
        de1_0.customer_id=?
2026-03-18T00:13:33.246+01:00 DEBUG 41356 --- [aluon-saas-backend] [nio-8080-exec-1] org.hibernate.SQL                        : 
    select
        de1_0.customer_id,
        de1_0.id,
        de1_0.contacto,
        de1_0.cp,
        de1_0.direccion,
        de1_0.nombre_alias,
        de1_0.poblacion,
        de1_0.provincia,
        de1_0.telefono,
        de1_0.tenant_id 
    from
        delivery_addresses de1_0 
    where
        de1_0.customer_id=?
Hibernate: 
    select
        de1_0.customer_id,
        de1_0.id,
        de1_0.contacto,
        de1_0.cp,
        de1_0.direccion,
        de1_0.nombre_alias,
        de1_0.poblacion,
        de1_0.provincia,
        de1_0.telefono,
        de1_0.tenant_id 
    from
        delivery_addresses de1_0 
    where
        de1_0.customer_id=?
2026-03-18T00:13:33.252+01:00 DEBUG 41356 --- [aluon-saas-backend] [nio-8080-exec-1] org.hibernate.SQL                        : 
    select
        de1_0.customer_id,
        de1_0.id,
        de1_0.contacto,
        de1_0.cp,
        de1_0.direccion,
        de1_0.nombre_alias,
        de1_0.poblacion,
        de1_0.provincia,
        de1_0.telefono,
        de1_0.tenant_id 
    from
        delivery_addresses de1_0 
    where
        de1_0.customer_id=?
Hibernate: 
    select
        de1_0.customer_id,
        de1_0.id,
        de1_0.contacto,
        de1_0.cp,
        de1_0.direccion,
        de1_0.nombre_alias,
        de1_0.poblacion,
        de1_0.provincia,
        de1_0.telefono,
        de1_0.tenant_id 
    from
        delivery_addresses de1_0 
    where
        de1_0.customer_id=?
2026-03-18T00:13:33.259+01:00 DEBUG 41356 --- [aluon-saas-backend] [nio-8080-exec-1] org.hibernate.SQL                        : 
    select
        de1_0.customer_id,
        de1_0.id,
        de1_0.contacto,
        de1_0.cp,
        de1_0.direccion,
        de1_0.nombre_alias,
        de1_0.poblacion,
        de1_0.provincia,
        de1_0.telefono,
        de1_0.tenant_id 
    from
        delivery_addresses de1_0 
    where
        de1_0.customer_id=?
Hibernate: 
    select
        de1_0.customer_id,
        de1_0.id,
        de1_0.contacto,
        de1_0.cp,
        de1_0.direccion,
        de1_0.nombre_alias,
        de1_0.poblacion,
        de1_0.provincia,
        de1_0.telefono,
        de1_0.tenant_id 
    from
        delivery_addresses de1_0 
    where
        de1_0.customer_id=?
2026-03-18T00:13:33.265+01:00 DEBUG 41356 --- [aluon-saas-backend] [nio-8080-exec-1] org.hibernate.SQL                        : 
    select
        de1_0.customer_id,
        de1_0.id,
        de1_0.contacto,
        de1_0.cp,
        de1_0.direccion,
        de1_0.nombre_alias,
        de1_0.poblacion,
        de1_0.provincia,
        de1_0.telefono,
        de1_0.tenant_id 
    from
        delivery_addresses de1_0 
    where
        de1_0.customer_id=?
Hibernate: 
    select
        de1_0.customer_id,
        de1_0.id,
        de1_0.contacto,
        de1_0.cp,
        de1_0.direccion,
        de1_0.nombre_alias,
        de1_0.poblacion,
        de1_0.provincia,
        de1_0.telefono,
        de1_0.tenant_id 
    from
        delivery_addresses de1_0 
    where
        de1_0.customer_id=?
2026-03-18T00:13:33.269+01:00 DEBUG 41356 --- [aluon-saas-backend] [nio-8080-exec-1] org.hibernate.SQL                        : 
    select
        de1_0.customer_id,
        de1_0.id,
        de1_0.contacto,
        de1_0.cp,
        de1_0.direccion,
        de1_0.nombre_alias,
        de1_0.poblacion,
        de1_0.provincia,
        de1_0.telefono,
        de1_0.tenant_id 
    from
        delivery_addresses de1_0 
    where
        de1_0.customer_id=?
Hibernate: 
    select
        de1_0.customer_id,
        de1_0.id,
        de1_0.contacto,
        de1_0.cp,
        de1_0.direccion,
        de1_0.nombre_alias,
        de1_0.poblacion,
        de1_0.provincia,
        de1_0.telefono,
        de1_0.tenant_id 
    from
        delivery_addresses de1_0 
    where
        de1_0.customer_id=?
2026-03-18T00:13:33.273+01:00 DEBUG 41356 --- [aluon-saas-backend] [nio-8080-exec-1] org.hibernate.SQL                        : 
    select
        de1_0.customer_id,
        de1_0.id,
        de1_0.contacto,
        de1_0.cp,
        de1_0.direccion,
        de1_0.nombre_alias,
        de1_0.poblacion,
        de1_0.provincia,
        de1_0.telefono,
        de1_0.tenant_id 
    from
        delivery_addresses de1_0 
    where
        de1_0.customer_id=?
Hibernate: 
    select
        de1_0.customer_id,
        de1_0.id,
        de1_0.contacto,
        de1_0.cp,
        de1_0.direccion,
        de1_0.nombre_alias,
        de1_0.poblacion,
        de1_0.provincia,
        de1_0.telefono,
        de1_0.tenant_id 
    from
        delivery_addresses de1_0 
    where
        de1_0.customer_id=?
2026-03-18T00:13:33.280+01:00 DEBUG 41356 --- [aluon-saas-backend] [nio-8080-exec-1] o.s.web.servlet.DispatcherServlet        : Completed 200 OK
2026-03-18T00:13:33.292+01:00 DEBUG 41356 --- [aluon-saas-backend] [nio-8080-exec-2] o.s.web.servlet.DispatcherServlet        : GET "/api/customers", parameters={}
2026-03-18T00:13:33.294+01:00 DEBUG 41356 --- [aluon-saas-backend] [nio-8080-exec-2] s.w.s.m.m.a.RequestMappingHandlerMapping : Mapped to com.aluon.crm.customer.CustomerController#getAll()
2026-03-18T00:13:33.298+01:00 DEBUG 41356 --- [aluon-saas-backend] [nio-8080-exec-2] org.hibernate.SQL                        : 
    select
        c1_0.id,
        c1_0.cp,
        c1_0.dias_vencimiento,
        c1_0.direccion,
        c1_0.email,
        c1_0.forma_pago,
        c1_0.iban,
        c1_0.nombre_comercial,
        c1_0.pais,
        c1_0.persona_contacto,
        c1_0.poblacion,
        c1_0.provincia,
        c1_0.razon_social,
        c1_0.remanente,
        c1_0.tarifa,
        c1_0.telefono,
        c1_0.tenant_id,
        c1_0.tipo_documento 
    from
        customers c1_0 
    where
        c1_0.tenant_id = ?
Hibernate: 
    select
        c1_0.id,
        c1_0.cp,
        c1_0.dias_vencimiento,
        c1_0.direccion,
        c1_0.email,
        c1_0.forma_pago,
        c1_0.iban,
        c1_0.nombre_comercial,
        c1_0.pais,
        c1_0.persona_contacto,
        c1_0.poblacion,
        c1_0.provincia,
        c1_0.razon_social,
        c1_0.remanente,
        c1_0.tarifa,
        c1_0.telefono,
        c1_0.tenant_id,
        c1_0.tipo_documento 
    from
        customers c1_0 
    where
        c1_0.tenant_id = ?
2026-03-18T00:13:33.312+01:00 DEBUG 41356 --- [aluon-saas-backend] [nio-8080-exec-2] m.m.a.RequestResponseBodyMethodProcessor : Using 'application/json', given [*/*] and supported [application/json, application/*+json]
2026-03-18T00:13:33.313+01:00 DEBUG 41356 --- [aluon-saas-backend] [nio-8080-exec-2] m.m.a.RequestResponseBodyMethodProcessor : Writing [[com.aluon.crm.customer.Customer@fd5ec4e, com.aluon.crm.customer.Customer@6b59744d, com.aluon.crm.cu (truncated)...]
2026-03-18T00:13:33.315+01:00 DEBUG 41356 --- [aluon-saas-backend] [nio-8080-exec-2] org.hibernate.SQL                        : 
    select
        de1_0.customer_id,
        de1_0.id,
        de1_0.contacto,
        de1_0.cp,
        de1_0.direccion,
        de1_0.nombre_alias,
        de1_0.poblacion,
        de1_0.provincia,
        de1_0.telefono,
        de1_0.tenant_id 
    from
        delivery_addresses de1_0 
    where
        de1_0.customer_id=?
Hibernate: 
    select
        de1_0.customer_id,
        de1_0.id,
        de1_0.contacto,
        de1_0.cp,
        de1_0.direccion,
        de1_0.nombre_alias,
        de1_0.poblacion,
        de1_0.provincia,
        de1_0.telefono,
        de1_0.tenant_id 
    from
        delivery_addresses de1_0 
    where
        de1_0.customer_id=?
2026-03-18T00:13:33.319+01:00 DEBUG 41356 --- [aluon-saas-backend] [nio-8080-exec-2] org.hibernate.SQL                        : 
    select
        de1_0.customer_id,
        de1_0.id,
        de1_0.contacto,
        de1_0.cp,
        de1_0.direccion,
        de1_0.nombre_alias,
        de1_0.poblacion,
        de1_0.provincia,
        de1_0.telefono,
        de1_0.tenant_id 
    from
        delivery_addresses de1_0 
    where
        de1_0.customer_id=?
Hibernate: 
    select
        de1_0.customer_id,
        de1_0.id,
        de1_0.contacto,
        de1_0.cp,
        de1_0.direccion,
        de1_0.nombre_alias,
        de1_0.poblacion,
        de1_0.provincia,
        de1_0.telefono,
        de1_0.tenant_id 
    from
        delivery_addresses de1_0 
    where
        de1_0.customer_id=?
2026-03-18T00:13:33.322+01:00 DEBUG 41356 --- [aluon-saas-backend] [nio-8080-exec-2] org.hibernate.SQL                        : 
    select
        de1_0.customer_id,
        de1_0.id,
        de1_0.contacto,
        de1_0.cp,
        de1_0.direccion,
        de1_0.nombre_alias,
        de1_0.poblacion,
        de1_0.provincia,
        de1_0.telefono,
        de1_0.tenant_id 
    from
        delivery_addresses de1_0 
    where
        de1_0.customer_id=?
Hibernate: 
    select
        de1_0.customer_id,
        de1_0.id,
        de1_0.contacto,
        de1_0.cp,
        de1_0.direccion,
        de1_0.nombre_alias,
        de1_0.poblacion,
        de1_0.provincia,
        de1_0.telefono,
        de1_0.tenant_id 
    from
        delivery_addresses de1_0 
    where
        de1_0.customer_id=?
2026-03-18T00:13:33.327+01:00 DEBUG 41356 --- [aluon-saas-backend] [nio-8080-exec-2] org.hibernate.SQL                        : 
    select
        de1_0.customer_id,
        de1_0.id,
        de1_0.contacto,
        de1_0.cp,
        de1_0.direccion,
        de1_0.nombre_alias,
        de1_0.poblacion,
        de1_0.provincia,
        de1_0.telefono,
        de1_0.tenant_id 
    from
        delivery_addresses de1_0 
    where
        de1_0.customer_id=?
Hibernate: 
    select
        de1_0.customer_id,
        de1_0.id,
        de1_0.contacto,
        de1_0.cp,
        de1_0.direccion,
        de1_0.nombre_alias,
        de1_0.poblacion,
        de1_0.provincia,
        de1_0.telefono,
        de1_0.tenant_id 
    from
        delivery_addresses de1_0 
    where
        de1_0.customer_id=?
2026-03-18T00:13:33.329+01:00 DEBUG 41356 --- [aluon-saas-backend] [nio-8080-exec-2] org.hibernate.SQL                        : 
    select
        de1_0.customer_id,
        de1_0.id,
        de1_0.contacto,
        de1_0.cp,
        de1_0.direccion,
        de1_0.nombre_alias,
        de1_0.poblacion,
        de1_0.provincia,
        de1_0.telefono,
        de1_0.tenant_id 
    from
        delivery_addresses de1_0 
    where
        de1_0.customer_id=?
Hibernate: 
    select
        de1_0.customer_id,
        de1_0.id,
        de1_0.contacto,
        de1_0.cp,
        de1_0.direccion,
        de1_0.nombre_alias,
        de1_0.poblacion,
        de1_0.provincia,
        de1_0.telefono,
        de1_0.tenant_id 
    from
        delivery_addresses de1_0 
    where
        de1_0.customer_id=?
2026-03-18T00:13:33.336+01:00 DEBUG 41356 --- [aluon-saas-backend] [nio-8080-exec-2] org.hibernate.SQL                        : 
    select
        de1_0.customer_id,
        de1_0.id,
        de1_0.contacto,
        de1_0.cp,
        de1_0.direccion,
        de1_0.nombre_alias,
        de1_0.poblacion,
        de1_0.provincia,
        de1_0.telefono,
        de1_0.tenant_id 
    from
        delivery_addresses de1_0 
    where
        de1_0.customer_id=?
Hibernate: 
    select
        de1_0.customer_id,
        de1_0.id,
        de1_0.contacto,
        de1_0.cp,
        de1_0.direccion,
        de1_0.nombre_alias,
        de1_0.poblacion,
        de1_0.provincia,
        de1_0.telefono,
        de1_0.tenant_id 
    from
        delivery_addresses de1_0 
    where
        de1_0.customer_id=?
2026-03-18T00:13:33.345+01:00 DEBUG 41356 --- [aluon-saas-backend] [nio-8080-exec-2] org.hibernate.SQL                        : 
    select
        de1_0.customer_id,
        de1_0.id,
        de1_0.contacto,
        de1_0.cp,
        de1_0.direccion,
        de1_0.nombre_alias,
        de1_0.poblacion,
        de1_0.provincia,
        de1_0.telefono,
        de1_0.tenant_id 
    from
        delivery_addresses de1_0 
    where
        de1_0.customer_id=?
Hibernate: 
    select
        de1_0.customer_id,
        de1_0.id,
        de1_0.contacto,
        de1_0.cp,
        de1_0.direccion,
        de1_0.nombre_alias,
        de1_0.poblacion,
        de1_0.provincia,
        de1_0.telefono,
        de1_0.tenant_id 
    from
        delivery_addresses de1_0 
    where
        de1_0.customer_id=?
2026-03-18T00:13:33.350+01:00 DEBUG 41356 --- [aluon-saas-backend] [nio-8080-exec-2] org.hibernate.SQL                        : 
    select
        de1_0.customer_id,
        de1_0.id,
        de1_0.contacto,
        de1_0.cp,
        de1_0.direccion,
        de1_0.nombre_alias,
        de1_0.poblacion,
        de1_0.provincia,
        de1_0.telefono,
        de1_0.tenant_id 
    from
        delivery_addresses de1_0 
    where
        de1_0.customer_id=?
Hibernate: 
    select
        de1_0.customer_id,
        de1_0.id,
        de1_0.contacto,
        de1_0.cp,
        de1_0.direccion,
        de1_0.nombre_alias,
        de1_0.poblacion,
        de1_0.provincia,
        de1_0.telefono,
        de1_0.tenant_id 
    from
        delivery_addresses de1_0 
    where
        de1_0.customer_id=?
2026-03-18T00:13:33.354+01:00 DEBUG 41356 --- [aluon-saas-backend] [nio-8080-exec-2] org.hibernate.SQL                        : 
    select
        de1_0.customer_id,
        de1_0.id,
        de1_0.contacto,
        de1_0.cp,
        de1_0.direccion,
        de1_0.nombre_alias,
        de1_0.poblacion,
        de1_0.provincia,
        de1_0.telefono,
        de1_0.tenant_id 
    from
        delivery_addresses de1_0 
    where
        de1_0.customer_id=?
Hibernate: 
    select
        de1_0.customer_id,
        de1_0.id,
        de1_0.contacto,
        de1_0.cp,
        de1_0.direccion,
        de1_0.nombre_alias,
        de1_0.poblacion,
        de1_0.provincia,
        de1_0.telefono,
        de1_0.tenant_id 
    from
        delivery_addresses de1_0 
    where
        de1_0.customer_id=?
2026-03-18T00:13:33.361+01:00 DEBUG 41356 --- [aluon-saas-backend] [nio-8080-exec-2] org.hibernate.SQL                        : 
    select
        de1_0.customer_id,
        de1_0.id,
        de1_0.contacto,
        de1_0.cp,
        de1_0.direccion,
        de1_0.nombre_alias,
        de1_0.poblacion,
        de1_0.provincia,
        de1_0.telefono,
        de1_0.tenant_id 
    from
        delivery_addresses de1_0 
    where
        de1_0.customer_id=?
Hibernate: 
    select
        de1_0.customer_id,
        de1_0.id,
        de1_0.contacto,
        de1_0.cp,
        de1_0.direccion,
        de1_0.nombre_alias,
        de1_0.poblacion,
        de1_0.provincia,
        de1_0.telefono,
        de1_0.tenant_id 
    from
        delivery_addresses de1_0 
    where
        de1_0.customer_id=?
2026-03-18T00:13:33.369+01:00 DEBUG 41356 --- [aluon-saas-backend] [nio-8080-exec-2] o.s.web.servlet.DispatcherServlet        : Completed 200 OK
2026-03-18T00:14:03.366+01:00 DEBUG 41356 --- [aluon-saas-backend] [nio-8080-exec-3] o.s.web.servlet.DispatcherServlet        : GET "/api/customers", parameters={}
2026-03-18T00:14:03.366+01:00 DEBUG 41356 --- [aluon-saas-backend] [nio-8080-exec-3] s.w.s.m.m.a.RequestMappingHandlerMapping : Mapped to com.aluon.crm.customer.CustomerController#getAll()
2026-03-18T00:14:03.372+01:00 DEBUG 41356 --- [aluon-saas-backend] [nio-8080-exec-3] org.hibernate.SQL                        : 
    select
        c1_0.id,
        c1_0.cp,
        c1_0.dias_vencimiento,
        c1_0.direccion,
        c1_0.email,
        c1_0.forma_pago,
        c1_0.iban,
        c1_0.nombre_comercial,
        c1_0.pais,
        c1_0.persona_contacto,
        c1_0.poblacion,
        c1_0.provincia,
        c1_0.razon_social,
        c1_0.remanente,
        c1_0.tarifa,
        c1_0.telefono,
        c1_0.tenant_id,
        c1_0.tipo_documento 
    from
        customers c1_0 
    where
        c1_0.tenant_id = ?
Hibernate: 
    select
        c1_0.id,
        c1_0.cp,
        c1_0.dias_vencimiento,
        c1_0.direccion,
        c1_0.email,
        c1_0.forma_pago,
        c1_0.iban,
        c1_0.nombre_comercial,
        c1_0.pais,
        c1_0.persona_contacto,
        c1_0.poblacion,
        c1_0.provincia,
        c1_0.razon_social,
        c1_0.remanente,
        c1_0.tarifa,
        c1_0.telefono,
        c1_0.tenant_id,
        c1_0.tipo_documento 
    from
        customers c1_0 
    where
        c1_0.tenant_id = ?
2026-03-18T00:14:03.394+01:00 DEBUG 41356 --- [aluon-saas-backend] [nio-8080-exec-3] m.m.a.RequestResponseBodyMethodProcessor : Using 'application/json', given [*/*] and supported [application/json, application/*+json]
2026-03-18T00:14:03.396+01:00 DEBUG 41356 --- [aluon-saas-backend] [nio-8080-exec-3] m.m.a.RequestResponseBodyMethodProcessor : Writing [[com.aluon.crm.customer.Customer@7896e721, com.aluon.crm.customer.Customer@437aafb3, com.aluon.crm.c (truncated)...]
2026-03-18T00:14:03.398+01:00 DEBUG 41356 --- [aluon-saas-backend] [nio-8080-exec-3] org.hibernate.SQL                        : 
    select
        de1_0.customer_id,
        de1_0.id,
        de1_0.contacto,
        de1_0.cp,
        de1_0.direccion,
        de1_0.nombre_alias,
        de1_0.poblacion,
        de1_0.provincia,
        de1_0.telefono,
        de1_0.tenant_id 
    from
        delivery_addresses de1_0 
    where
        de1_0.customer_id=?
Hibernate: 
    select
        de1_0.customer_id,
        de1_0.id,
        de1_0.contacto,
        de1_0.cp,
        de1_0.direccion,
        de1_0.nombre_alias,
        de1_0.poblacion,
        de1_0.provincia,
        de1_0.telefono,
        de1_0.tenant_id 
    from
        delivery_addresses de1_0 
    where
        de1_0.customer_id=?
2026-03-18T00:14:03.403+01:00 DEBUG 41356 --- [aluon-saas-backend] [nio-8080-exec-3] org.hibernate.SQL                        : 
    select
        de1_0.customer_id,
        de1_0.id,
        de1_0.contacto,
        de1_0.cp,
        de1_0.direccion,
        de1_0.nombre_alias,
        de1_0.poblacion,
        de1_0.provincia,
        de1_0.telefono,
        de1_0.tenant_id 
    from
        delivery_addresses de1_0 
    where
        de1_0.customer_id=?
Hibernate: 
    select
        de1_0.customer_id,
        de1_0.id,
        de1_0.contacto,
        de1_0.cp,
        de1_0.direccion,
        de1_0.nombre_alias,
        de1_0.poblacion,
        de1_0.provincia,
        de1_0.telefono,
        de1_0.tenant_id 
    from
        delivery_addresses de1_0 
    where
        de1_0.customer_id=?
2026-03-18T00:14:03.411+01:00 DEBUG 41356 --- [aluon-saas-backend] [nio-8080-exec-3] org.hibernate.SQL                        : 
    select
        de1_0.customer_id,
        de1_0.id,
        de1_0.contacto,
        de1_0.cp,
        de1_0.direccion,
        de1_0.nombre_alias,
        de1_0.poblacion,
        de1_0.provincia,
        de1_0.telefono,
        de1_0.tenant_id 
    from
        delivery_addresses de1_0 
    where
        de1_0.customer_id=?
Hibernate: 
    select
        de1_0.customer_id,
        de1_0.id,
        de1_0.contacto,
        de1_0.cp,
        de1_0.direccion,
        de1_0.nombre_alias,
        de1_0.poblacion,
        de1_0.provincia,
        de1_0.telefono,
        de1_0.tenant_id 
    from
        delivery_addresses de1_0 
    where
        de1_0.customer_id=?
2026-03-18T00:14:03.416+01:00 DEBUG 41356 --- [aluon-saas-backend] [nio-8080-exec-3] org.hibernate.SQL                        : 
    select
        de1_0.customer_id,
        de1_0.id,
        de1_0.contacto,
        de1_0.cp,
        de1_0.direccion,
        de1_0.nombre_alias,
        de1_0.poblacion,
        de1_0.provincia,
        de1_0.telefono,
        de1_0.tenant_id 
    from
        delivery_addresses de1_0 
    where
        de1_0.customer_id=?
Hibernate: 
    select
        de1_0.customer_id,
        de1_0.id,
        de1_0.contacto,
        de1_0.cp,
        de1_0.direccion,
        de1_0.nombre_alias,
        de1_0.poblacion,
        de1_0.provincia,
        de1_0.telefono,
        de1_0.tenant_id 
    from
        delivery_addresses de1_0 
    where
        de1_0.customer_id=?
2026-03-18T00:14:03.420+01:00 DEBUG 41356 --- [aluon-saas-backend] [nio-8080-exec-3] org.hibernate.SQL                        : 
    select
        de1_0.customer_id,
        de1_0.id,
        de1_0.contacto,
        de1_0.cp,
        de1_0.direccion,
        de1_0.nombre_alias,
        de1_0.poblacion,
        de1_0.provincia,
        de1_0.telefono,
        de1_0.tenant_id 
    from
        delivery_addresses de1_0 
    where
        de1_0.customer_id=?
Hibernate: 
    select
        de1_0.customer_id,
        de1_0.id,
        de1_0.contacto,
        de1_0.cp,
        de1_0.direccion,
        de1_0.nombre_alias,
        de1_0.poblacion,
        de1_0.provincia,
        de1_0.telefono,
        de1_0.tenant_id 
    from
        delivery_addresses de1_0 
    where
        de1_0.customer_id=?
2026-03-18T00:14:03.424+01:00 DEBUG 41356 --- [aluon-saas-backend] [nio-8080-exec-3] org.hibernate.SQL                        : 
    select
        de1_0.customer_id,
        de1_0.id,
        de1_0.contacto,
        de1_0.cp,
        de1_0.direccion,
        de1_0.nombre_alias,
        de1_0.poblacion,
        de1_0.provincia,
        de1_0.telefono,
        de1_0.tenant_id 
    from
        delivery_addresses de1_0 
    where
        de1_0.customer_id=?
Hibernate: 
    select
        de1_0.customer_id,
        de1_0.id,
        de1_0.contacto,
        de1_0.cp,
        de1_0.direccion,
        de1_0.nombre_alias,
        de1_0.poblacion,
        de1_0.provincia,
        de1_0.telefono,
        de1_0.tenant_id 
    from
        delivery_addresses de1_0 
    where
        de1_0.customer_id=?
2026-03-18T00:14:03.428+01:00 DEBUG 41356 --- [aluon-saas-backend] [nio-8080-exec-3] org.hibernate.SQL                        : 
    select
        de1_0.customer_id,
        de1_0.id,
        de1_0.contacto,
        de1_0.cp,
        de1_0.direccion,
        de1_0.nombre_alias,
        de1_0.poblacion,
        de1_0.provincia,
        de1_0.telefono,
        de1_0.tenant_id 
    from
        delivery_addresses de1_0 
    where
        de1_0.customer_id=?
Hibernate: 
    select
        de1_0.customer_id,
        de1_0.id,
        de1_0.contacto,
        de1_0.cp,
        de1_0.direccion,
        de1_0.nombre_alias,
        de1_0.poblacion,
        de1_0.provincia,
        de1_0.telefono,
        de1_0.tenant_id 
    from
        delivery_addresses de1_0 
    where
        de1_0.customer_id=?
2026-03-18T00:14:03.436+01:00 DEBUG 41356 --- [aluon-saas-backend] [nio-8080-exec-3] org.hibernate.SQL                        : 
    select
        de1_0.customer_id,
        de1_0.id,
        de1_0.contacto,
        de1_0.cp,
        de1_0.direccion,
        de1_0.nombre_alias,
        de1_0.poblacion,
        de1_0.provincia,
        de1_0.telefono,
        de1_0.tenant_id 
    from
        delivery_addresses de1_0 
    where
        de1_0.customer_id=?
Hibernate: 
    select
        de1_0.customer_id,
        de1_0.id,
        de1_0.contacto,
        de1_0.cp,
        de1_0.direccion,
        de1_0.nombre_alias,
        de1_0.poblacion,
        de1_0.provincia,
        de1_0.telefono,
        de1_0.tenant_id 
    from
        delivery_addresses de1_0 
    where
        de1_0.customer_id=?
2026-03-18T00:14:03.442+01:00 DEBUG 41356 --- [aluon-saas-backend] [nio-8080-exec-3] org.hibernate.SQL                        : 
    select
        de1_0.customer_id,
        de1_0.id,
        de1_0.contacto,
        de1_0.cp,
        de1_0.direccion,
        de1_0.nombre_alias,
        de1_0.poblacion,
        de1_0.provincia,
        de1_0.telefono,
        de1_0.tenant_id 
    from
        delivery_addresses de1_0 
    where
        de1_0.customer_id=?
Hibernate: 
    select
        de1_0.customer_id,
        de1_0.id,
        de1_0.contacto,
        de1_0.cp,
        de1_0.direccion,
        de1_0.nombre_alias,
        de1_0.poblacion,
        de1_0.provincia,
        de1_0.telefono,
        de1_0.tenant_id 
    from
        delivery_addresses de1_0 
    where
        de1_0.customer_id=?
2026-03-18T00:14:03.448+01:00 DEBUG 41356 --- [aluon-saas-backend] [nio-8080-exec-3] org.hibernate.SQL                        : 
    select
        de1_0.customer_id,
        de1_0.id,
        de1_0.contacto,
        de1_0.cp,
        de1_0.direccion,
        de1_0.nombre_alias,
        de1_0.poblacion,
        de1_0.provincia,
        de1_0.telefono,
        de1_0.tenant_id 
    from
        delivery_addresses de1_0 
    where
        de1_0.customer_id=?
Hibernate: 
    select
        de1_0.customer_id,
        de1_0.id,
        de1_0.contacto,
        de1_0.cp,
        de1_0.direccion,
        de1_0.nombre_alias,
        de1_0.poblacion,
        de1_0.provincia,
        de1_0.telefono,
        de1_0.tenant_id 
    from
        delivery_addresses de1_0 
    where
        de1_0.customer_id=?
2026-03-18T00:14:03.452+01:00 DEBUG 41356 --- [aluon-saas-backend] [nio-8080-exec-3] o.s.web.servlet.DispatcherServlet        : Completed 200 OK
2026-03-18T00:14:03.465+01:00 DEBUG 41356 --- [aluon-saas-backend] [nio-8080-exec-9] o.s.web.servlet.DispatcherServlet        : GET "/api/customers", parameters={}
2026-03-18T00:14:03.465+01:00 DEBUG 41356 --- [aluon-saas-backend] [nio-8080-exec-9] s.w.s.m.m.a.RequestMappingHandlerMapping : Mapped to com.aluon.crm.customer.CustomerController#getAll()
2026-03-18T00:14:03.465+01:00 DEBUG 41356 --- [aluon-saas-backend] [nio-8080-exec-9] org.hibernate.SQL                        : 
    select
        c1_0.id,
        c1_0.cp,
        c1_0.dias_vencimiento,
        c1_0.direccion,
        c1_0.email,
        c1_0.forma_pago,
        c1_0.iban,
        c1_0.nombre_comercial,
        c1_0.pais,
        c1_0.persona_contacto,
        c1_0.poblacion,
        c1_0.provincia,
        c1_0.razon_social,
        c1_0.remanente,
        c1_0.tarifa,
        c1_0.telefono,
        c1_0.tenant_id,
        c1_0.tipo_documento 
    from
        customers c1_0 
    where
        c1_0.tenant_id = ?
Hibernate: 
    select
        c1_0.id,
        c1_0.cp,
        c1_0.dias_vencimiento,
        c1_0.direccion,
        c1_0.email,
        c1_0.forma_pago,
        c1_0.iban,
        c1_0.nombre_comercial,
        c1_0.pais,
        c1_0.persona_contacto,
        c1_0.poblacion,
        c1_0.provincia,
        c1_0.razon_social,
        c1_0.remanente,
        c1_0.tarifa,
        c1_0.telefono,
        c1_0.tenant_id,
        c1_0.tipo_documento 
    from
        customers c1_0 
    where
        c1_0.tenant_id = ?
2026-03-18T00:14:03.483+01:00 DEBUG 41356 --- [aluon-saas-backend] [nio-8080-exec-9] m.m.a.RequestResponseBodyMethodProcessor : Using 'application/json', given [*/*] and supported [application/json, application/*+json]
2026-03-18T00:14:03.483+01:00 DEBUG 41356 --- [aluon-saas-backend] [nio-8080-exec-9] m.m.a.RequestResponseBodyMethodProcessor : Writing [[com.aluon.crm.customer.Customer@298750e8, com.aluon.crm.customer.Customer@69df3783, com.aluon.crm.c (truncated)...]
2026-03-18T00:14:03.485+01:00 DEBUG 41356 --- [aluon-saas-backend] [nio-8080-exec-9] org.hibernate.SQL                        : 
    select
        de1_0.customer_id,
        de1_0.id,
        de1_0.contacto,
        de1_0.cp,
        de1_0.direccion,
        de1_0.nombre_alias,
        de1_0.poblacion,
        de1_0.provincia,
        de1_0.telefono,
        de1_0.tenant_id 
    from
        delivery_addresses de1_0 
    where
        de1_0.customer_id=?
Hibernate: 
    select
        de1_0.customer_id,
        de1_0.id,
        de1_0.contacto,
        de1_0.cp,
        de1_0.direccion,
        de1_0.nombre_alias,
        de1_0.poblacion,
        de1_0.provincia,
        de1_0.telefono,
        de1_0.tenant_id 
    from
        delivery_addresses de1_0 
    where
        de1_0.customer_id=?
2026-03-18T00:14:03.490+01:00 DEBUG 41356 --- [aluon-saas-backend] [nio-8080-exec-9] org.hibernate.SQL                        : 
    select
        de1_0.customer_id,
        de1_0.id,
        de1_0.contacto,
        de1_0.cp,
        de1_0.direccion,
        de1_0.nombre_alias,
        de1_0.poblacion,
        de1_0.provincia,
        de1_0.telefono,
        de1_0.tenant_id 
    from
        delivery_addresses de1_0 
    where
        de1_0.customer_id=?
Hibernate: 
    select
        de1_0.customer_id,
        de1_0.id,
        de1_0.contacto,
        de1_0.cp,
        de1_0.direccion,
        de1_0.nombre_alias,
        de1_0.poblacion,
        de1_0.provincia,
        de1_0.telefono,
        de1_0.tenant_id 
    from
        delivery_addresses de1_0 
    where
        de1_0.customer_id=?
2026-03-18T00:14:03.494+01:00 DEBUG 41356 --- [aluon-saas-backend] [nio-8080-exec-9] org.hibernate.SQL                        : 
    select
        de1_0.customer_id,
        de1_0.id,
        de1_0.contacto,
        de1_0.cp,
        de1_0.direccion,
        de1_0.nombre_alias,
        de1_0.poblacion,
        de1_0.provincia,
        de1_0.telefono,
        de1_0.tenant_id 
    from
        delivery_addresses de1_0 
    where
        de1_0.customer_id=?
Hibernate: 
    select
        de1_0.customer_id,
        de1_0.id,
        de1_0.contacto,
        de1_0.cp,
        de1_0.direccion,
        de1_0.nombre_alias,
        de1_0.poblacion,
        de1_0.provincia,
        de1_0.telefono,
        de1_0.tenant_id 
    from
        delivery_addresses de1_0 
    where
        de1_0.customer_id=?
2026-03-18T00:14:03.500+01:00 DEBUG 41356 --- [aluon-saas-backend] [nio-8080-exec-9] org.hibernate.SQL                        : 
    select
        de1_0.customer_id,
        de1_0.id,
        de1_0.contacto,
        de1_0.cp,
        de1_0.direccion,
        de1_0.nombre_alias,
        de1_0.poblacion,
        de1_0.provincia,
        de1_0.telefono,
        de1_0.tenant_id 
    from
        delivery_addresses de1_0 
    where
        de1_0.customer_id=?
Hibernate: 
    select
        de1_0.customer_id,
        de1_0.id,
        de1_0.contacto,
        de1_0.cp,
        de1_0.direccion,
        de1_0.nombre_alias,
        de1_0.poblacion,
        de1_0.provincia,
        de1_0.telefono,
        de1_0.tenant_id 
    from
        delivery_addresses de1_0 
    where
        de1_0.customer_id=?
2026-03-18T00:14:03.506+01:00 DEBUG 41356 --- [aluon-saas-backend] [nio-8080-exec-9] org.hibernate.SQL                        : 
    select
        de1_0.customer_id,
        de1_0.id,
        de1_0.contacto,
        de1_0.cp,
        de1_0.direccion,
        de1_0.nombre_alias,
        de1_0.poblacion,
        de1_0.provincia,
        de1_0.telefono,
        de1_0.tenant_id 
    from
        delivery_addresses de1_0 
    where
        de1_0.customer_id=?
Hibernate: 
    select
        de1_0.customer_id,
        de1_0.id,
        de1_0.contacto,
        de1_0.cp,
        de1_0.direccion,
        de1_0.nombre_alias,
        de1_0.poblacion,
        de1_0.provincia,
        de1_0.telefono,
        de1_0.tenant_id 
    from
        delivery_addresses de1_0 
    where
        de1_0.customer_id=?
2026-03-18T00:14:03.514+01:00 DEBUG 41356 --- [aluon-saas-backend] [nio-8080-exec-9] org.hibernate.SQL                        : 
    select
        de1_0.customer_id,
        de1_0.id,
        de1_0.contacto,
        de1_0.cp,
        de1_0.direccion,
        de1_0.nombre_alias,
        de1_0.poblacion,
        de1_0.provincia,
        de1_0.telefono,
        de1_0.tenant_id 
    from
        delivery_addresses de1_0 
    where
        de1_0.customer_id=?
Hibernate: 
    select
        de1_0.customer_id,
        de1_0.id,
        de1_0.contacto,
        de1_0.cp,
        de1_0.direccion,
        de1_0.nombre_alias,
        de1_0.poblacion,
        de1_0.provincia,
        de1_0.telefono,
        de1_0.tenant_id 
    from
        delivery_addresses de1_0 
    where
        de1_0.customer_id=?
2026-03-18T00:14:03.519+01:00 DEBUG 41356 --- [aluon-saas-backend] [nio-8080-exec-9] org.hibernate.SQL                        : 
    select
        de1_0.customer_id,
        de1_0.id,
        de1_0.contacto,
        de1_0.cp,
        de1_0.direccion,
        de1_0.nombre_alias,
        de1_0.poblacion,
        de1_0.provincia,
        de1_0.telefono,
        de1_0.tenant_id 
    from
        delivery_addresses de1_0 
    where
        de1_0.customer_id=?
Hibernate: 
    select
        de1_0.customer_id,
        de1_0.id,
        de1_0.contacto,
        de1_0.cp,
        de1_0.direccion,
        de1_0.nombre_alias,
        de1_0.poblacion,
        de1_0.provincia,
        de1_0.telefono,
        de1_0.tenant_id 
    from
        delivery_addresses de1_0 
    where
        de1_0.customer_id=?
2026-03-18T00:14:03.527+01:00 DEBUG 41356 --- [aluon-saas-backend] [nio-8080-exec-9] org.hibernate.SQL                        : 
    select
        de1_0.customer_id,
        de1_0.id,
        de1_0.contacto,
        de1_0.cp,
        de1_0.direccion,
        de1_0.nombre_alias,
        de1_0.poblacion,
        de1_0.provincia,
        de1_0.telefono,
        de1_0.tenant_id 
    from
        delivery_addresses de1_0 
    where
        de1_0.customer_id=?
Hibernate: 
    select
        de1_0.customer_id,
        de1_0.id,
        de1_0.contacto,
        de1_0.cp,
        de1_0.direccion,
        de1_0.nombre_alias,
        de1_0.poblacion,
        de1_0.provincia,
        de1_0.telefono,
        de1_0.tenant_id 
    from
        delivery_addresses de1_0 
    where
        de1_0.customer_id=?
2026-03-18T00:14:03.538+01:00 DEBUG 41356 --- [aluon-saas-backend] [nio-8080-exec-9] org.hibernate.SQL                        : 
    select
        de1_0.customer_id,
        de1_0.id,
        de1_0.contacto,
        de1_0.cp,
        de1_0.direccion,
        de1_0.nombre_alias,
        de1_0.poblacion,
        de1_0.provincia,
        de1_0.telefono,
        de1_0.tenant_id 
    from
        delivery_addresses de1_0 
    where
        de1_0.customer_id=?
Hibernate: 
    select
        de1_0.customer_id,
        de1_0.id,
        de1_0.contacto,
        de1_0.cp,
        de1_0.direccion,
        de1_0.nombre_alias,
        de1_0.poblacion,
        de1_0.provincia,
        de1_0.telefono,
        de1_0.tenant_id 
    from
        delivery_addresses de1_0 
    where
        de1_0.customer_id=?
2026-03-18T00:14:03.549+01:00 DEBUG 41356 --- [aluon-saas-backend] [nio-8080-exec-9] org.hibernate.SQL                        : 
    select
        de1_0.customer_id,
        de1_0.id,
        de1_0.contacto,
        de1_0.cp,
        de1_0.direccion,
        de1_0.nombre_alias,
        de1_0.poblacion,
        de1_0.provincia,
        de1_0.telefono,
        de1_0.tenant_id 
    from
        delivery_addresses de1_0 
    where
        de1_0.customer_id=?
Hibernate: 
    select
        de1_0.customer_id,
        de1_0.id,
        de1_0.contacto,
        de1_0.cp,
        de1_0.direccion,
        de1_0.nombre_alias,
        de1_0.poblacion,
        de1_0.provincia,
        de1_0.telefono,
        de1_0.tenant_id 
    from
        delivery_addresses de1_0 
    where
        de1_0.customer_id=?
2026-03-18T00:14:03.559+01:00 DEBUG 41356 --- [aluon-saas-backend] [nio-8080-exec-9] o.s.web.servlet.DispatcherServlet        : Completed 200 OK
2026-03-18T00:18:19.213+01:00 DEBUG 41356 --- [aluon-saas-backend] [io-8080-exec-10] o.s.web.servlet.DispatcherServlet        : GET "/api/customers", parameters={}
2026-03-18T00:18:19.214+01:00 DEBUG 41356 --- [aluon-saas-backend] [io-8080-exec-10] s.w.s.m.m.a.RequestMappingHandlerMapping : Mapped to com.aluon.crm.customer.CustomerController#getAll()
2026-03-18T00:18:19.225+01:00 DEBUG 41356 --- [aluon-saas-backend] [io-8080-exec-10] org.hibernate.SQL                        : 
    select
        c1_0.id,
        c1_0.cp,
        c1_0.dias_vencimiento,
        c1_0.direccion,
        c1_0.email,
        c1_0.forma_pago,
        c1_0.iban,
        c1_0.nombre_comercial,
        c1_0.pais,
        c1_0.persona_contacto,
        c1_0.poblacion,
        c1_0.provincia,
        c1_0.razon_social,
        c1_0.remanente,
        c1_0.tarifa,
        c1_0.telefono,
        c1_0.tenant_id,
        c1_0.tipo_documento 
    from
        customers c1_0 
    where
        c1_0.tenant_id = ?
Hibernate: 
    select
        c1_0.id,
        c1_0.cp,
        c1_0.dias_vencimiento,
        c1_0.direccion,
        c1_0.email,
        c1_0.forma_pago,
        c1_0.iban,
        c1_0.nombre_comercial,
        c1_0.pais,
        c1_0.persona_contacto,
        c1_0.poblacion,
        c1_0.provincia,
        c1_0.razon_social,
        c1_0.remanente,
        c1_0.tarifa,
        c1_0.telefono,
        c1_0.tenant_id,
        c1_0.tipo_documento 
    from
        customers c1_0 
    where
        c1_0.tenant_id = ?
2026-03-18T00:18:19.239+01:00 DEBUG 41356 --- [aluon-saas-backend] [io-8080-exec-10] m.m.a.RequestResponseBodyMethodProcessor : Using 'application/json', given [*/*] and supported [application/json, application/*+json]
2026-03-18T00:18:19.240+01:00 DEBUG 41356 --- [aluon-saas-backend] [io-8080-exec-10] m.m.a.RequestResponseBodyMethodProcessor : Writing [[com.aluon.crm.customer.Customer@6ac52c95, com.aluon.crm.customer.Customer@c7f7345, com.aluon.crm.cu (truncated)...]
2026-03-18T00:18:19.241+01:00 DEBUG 41356 --- [aluon-saas-backend] [io-8080-exec-10] org.hibernate.SQL                        : 
    select
        de1_0.customer_id,
        de1_0.id,
        de1_0.contacto,
        de1_0.cp,
        de1_0.direccion,
        de1_0.nombre_alias,
        de1_0.poblacion,
        de1_0.provincia,
        de1_0.telefono,
        de1_0.tenant_id 
    from
        delivery_addresses de1_0 
    where
        de1_0.customer_id=?
Hibernate: 
    select
        de1_0.customer_id,
        de1_0.id,
        de1_0.contacto,
        de1_0.cp,
        de1_0.direccion,
        de1_0.nombre_alias,
        de1_0.poblacion,
        de1_0.provincia,
        de1_0.telefono,
        de1_0.tenant_id 
    from
        delivery_addresses de1_0 
    where
        de1_0.customer_id=?
2026-03-18T00:18:19.245+01:00 DEBUG 41356 --- [aluon-saas-backend] [io-8080-exec-10] org.hibernate.SQL                        : 
    select
        de1_0.customer_id,
        de1_0.id,
        de1_0.contacto,
        de1_0.cp,
        de1_0.direccion,
        de1_0.nombre_alias,
        de1_0.poblacion,
        de1_0.provincia,
        de1_0.telefono,
        de1_0.tenant_id 
    from
        delivery_addresses de1_0 
    where
        de1_0.customer_id=?
Hibernate: 
    select
        de1_0.customer_id,
        de1_0.id,
        de1_0.contacto,
        de1_0.cp,
        de1_0.direccion,
        de1_0.nombre_alias,
        de1_0.poblacion,
        de1_0.provincia,
        de1_0.telefono,
        de1_0.tenant_id 
    from
        delivery_addresses de1_0 
    where
        de1_0.customer_id=?
2026-03-18T00:18:19.257+01:00 DEBUG 41356 --- [aluon-saas-backend] [io-8080-exec-10] org.hibernate.SQL                        : 
    select
        de1_0.customer_id,
        de1_0.id,
        de1_0.contacto,
        de1_0.cp,
        de1_0.direccion,
        de1_0.nombre_alias,
        de1_0.poblacion,
        de1_0.provincia,
        de1_0.telefono,
        de1_0.tenant_id 
    from
        delivery_addresses de1_0 
    where
        de1_0.customer_id=?
Hibernate: 
    select
        de1_0.customer_id,
        de1_0.id,
        de1_0.contacto,
        de1_0.cp,
        de1_0.direccion,
        de1_0.nombre_alias,
        de1_0.poblacion,
        de1_0.provincia,
        de1_0.telefono,
        de1_0.tenant_id 
    from
        delivery_addresses de1_0 
    where
        de1_0.customer_id=?
2026-03-18T00:18:19.262+01:00 DEBUG 41356 --- [aluon-saas-backend] [io-8080-exec-10] org.hibernate.SQL                        : 
    select
        de1_0.customer_id,
        de1_0.id,
        de1_0.contacto,
        de1_0.cp,
        de1_0.direccion,
        de1_0.nombre_alias,
        de1_0.poblacion,
        de1_0.provincia,
        de1_0.telefono,
        de1_0.tenant_id 
    from
        delivery_addresses de1_0 
    where
        de1_0.customer_id=?
Hibernate: 
    select
        de1_0.customer_id,
        de1_0.id,
        de1_0.contacto,
        de1_0.cp,
        de1_0.direccion,
        de1_0.nombre_alias,
        de1_0.poblacion,
        de1_0.provincia,
        de1_0.telefono,
        de1_0.tenant_id 
    from
        delivery_addresses de1_0 
    where
        de1_0.customer_id=?
2026-03-18T00:18:19.267+01:00 DEBUG 41356 --- [aluon-saas-backend] [io-8080-exec-10] org.hibernate.SQL                        : 
    select
        de1_0.customer_id,
        de1_0.id,
        de1_0.contacto,
        de1_0.cp,
        de1_0.direccion,
        de1_0.nombre_alias,
        de1_0.poblacion,
        de1_0.provincia,
        de1_0.telefono,
        de1_0.tenant_id 
    from
        delivery_addresses de1_0 
    where
        de1_0.customer_id=?
Hibernate: 
    select
        de1_0.customer_id,
        de1_0.id,
        de1_0.contacto,
        de1_0.cp,
        de1_0.direccion,
        de1_0.nombre_alias,
        de1_0.poblacion,
        de1_0.provincia,
        de1_0.telefono,
        de1_0.tenant_id 
    from
        delivery_addresses de1_0 
    where
        de1_0.customer_id=?
2026-03-18T00:18:19.271+01:00 DEBUG 41356 --- [aluon-saas-backend] [io-8080-exec-10] org.hibernate.SQL                        : 
    select
        de1_0.customer_id,
        de1_0.id,
        de1_0.contacto,
        de1_0.cp,
        de1_0.direccion,
        de1_0.nombre_alias,
        de1_0.poblacion,
        de1_0.provincia,
        de1_0.telefono,
        de1_0.tenant_id 
    from
        delivery_addresses de1_0 
    where
        de1_0.customer_id=?
Hibernate: 
    select
        de1_0.customer_id,
        de1_0.id,
        de1_0.contacto,
        de1_0.cp,
        de1_0.direccion,
        de1_0.nombre_alias,
        de1_0.poblacion,
        de1_0.provincia,
        de1_0.telefono,
        de1_0.tenant_id 
    from
        delivery_addresses de1_0 
    where
        de1_0.customer_id=?
2026-03-18T00:18:19.280+01:00 DEBUG 41356 --- [aluon-saas-backend] [io-8080-exec-10] org.hibernate.SQL                        : 
    select
        de1_0.customer_id,
        de1_0.id,
        de1_0.contacto,
        de1_0.cp,
        de1_0.direccion,
        de1_0.nombre_alias,
        de1_0.poblacion,
        de1_0.provincia,
        de1_0.telefono,
        de1_0.tenant_id 
    from
        delivery_addresses de1_0 
    where
        de1_0.customer_id=?
Hibernate: 
    select
        de1_0.customer_id,
        de1_0.id,
        de1_0.contacto,
        de1_0.cp,
        de1_0.direccion,
        de1_0.nombre_alias,
        de1_0.poblacion,
        de1_0.provincia,
        de1_0.telefono,
        de1_0.tenant_id 
    from
        delivery_addresses de1_0 
    where
        de1_0.customer_id=?
2026-03-18T00:18:19.288+01:00 DEBUG 41356 --- [aluon-saas-backend] [io-8080-exec-10] org.hibernate.SQL                        : 
    select
        de1_0.customer_id,
        de1_0.id,
        de1_0.contacto,
        de1_0.cp,
        de1_0.direccion,
        de1_0.nombre_alias,
        de1_0.poblacion,
        de1_0.provincia,
        de1_0.telefono,
        de1_0.tenant_id 
    from
        delivery_addresses de1_0 
    where
        de1_0.customer_id=?
Hibernate: 
    select
        de1_0.customer_id,
        de1_0.id,
        de1_0.contacto,
        de1_0.cp,
        de1_0.direccion,
        de1_0.nombre_alias,
        de1_0.poblacion,
        de1_0.provincia,
        de1_0.telefono,
        de1_0.tenant_id 
    from
        delivery_addresses de1_0 
    where
        de1_0.customer_id=?
2026-03-18T00:18:19.299+01:00 DEBUG 41356 --- [aluon-saas-backend] [io-8080-exec-10] org.hibernate.SQL                        : 
    select
        de1_0.customer_id,
        de1_0.id,
        de1_0.contacto,
        de1_0.cp,
        de1_0.direccion,
        de1_0.nombre_alias,
        de1_0.poblacion,
        de1_0.provincia,
        de1_0.telefono,
        de1_0.tenant_id 
    from
        delivery_addresses de1_0 
    where
        de1_0.customer_id=?
Hibernate: 
    select
        de1_0.customer_id,
        de1_0.id,
        de1_0.contacto,
        de1_0.cp,
        de1_0.direccion,
        de1_0.nombre_alias,
        de1_0.poblacion,
        de1_0.provincia,
        de1_0.telefono,
        de1_0.tenant_id 
    from
        delivery_addresses de1_0 
    where
        de1_0.customer_id=?
2026-03-18T00:18:19.310+01:00 DEBUG 41356 --- [aluon-saas-backend] [io-8080-exec-10] org.hibernate.SQL                        : 
    select
        de1_0.customer_id,
        de1_0.id,
        de1_0.contacto,
        de1_0.cp,
        de1_0.direccion,
        de1_0.nombre_alias,
        de1_0.poblacion,
        de1_0.provincia,
        de1_0.telefono,
        de1_0.tenant_id 
    from
        delivery_addresses de1_0 
    where
        de1_0.customer_id=?
Hibernate: 
    select
        de1_0.customer_id,
        de1_0.id,
        de1_0.contacto,
        de1_0.cp,
        de1_0.direccion,
        de1_0.nombre_alias,
        de1_0.poblacion,
        de1_0.provincia,
        de1_0.telefono,
        de1_0.tenant_id 
    from
        delivery_addresses de1_0 
    where
        de1_0.customer_id=?
2026-03-18T00:18:19.321+01:00 DEBUG 41356 --- [aluon-saas-backend] [io-8080-exec-10] o.s.web.servlet.DispatcherServlet        : Completed 200 OK
2026-03-18T00:18:19.332+01:00 DEBUG 41356 --- [aluon-saas-backend] [nio-8080-exec-4] o.s.web.servlet.DispatcherServlet        : GET "/api/customers", parameters={}
2026-03-18T00:18:19.336+01:00 DEBUG 41356 --- [aluon-saas-backend] [nio-8080-exec-4] s.w.s.m.m.a.RequestMappingHandlerMapping : Mapped to com.aluon.crm.customer.CustomerController#getAll()
2026-03-18T00:18:19.341+01:00 DEBUG 41356 --- [aluon-saas-backend] [nio-8080-exec-4] org.hibernate.SQL                        : 
    select
        c1_0.id,
        c1_0.cp,
        c1_0.dias_vencimiento,
        c1_0.direccion,
        c1_0.email,
        c1_0.forma_pago,
        c1_0.iban,
        c1_0.nombre_comercial,
        c1_0.pais,
        c1_0.persona_contacto,
        c1_0.poblacion,
        c1_0.provincia,
        c1_0.razon_social,
        c1_0.remanente,
        c1_0.tarifa,
        c1_0.telefono,
        c1_0.tenant_id,
        c1_0.tipo_documento 
    from
        customers c1_0 
    where
        c1_0.tenant_id = ?
Hibernate: 
    select
        c1_0.id,
        c1_0.cp,
        c1_0.dias_vencimiento,
        c1_0.direccion,
        c1_0.email,
        c1_0.forma_pago,
        c1_0.iban,
        c1_0.nombre_comercial,
        c1_0.pais,
        c1_0.persona_contacto,
        c1_0.poblacion,
        c1_0.provincia,
        c1_0.razon_social,
        c1_0.remanente,
        c1_0.tarifa,
        c1_0.telefono,
        c1_0.tenant_id,
        c1_0.tipo_documento 
    from
        customers c1_0 
    where
        c1_0.tenant_id = ?
2026-03-18T00:18:19.362+01:00 DEBUG 41356 --- [aluon-saas-backend] [nio-8080-exec-4] m.m.a.RequestResponseBodyMethodProcessor : Using 'application/json', given [*/*] and supported [application/json, application/*+json]
2026-03-18T00:18:19.363+01:00 DEBUG 41356 --- [aluon-saas-backend] [nio-8080-exec-4] m.m.a.RequestResponseBodyMethodProcessor : Writing [[com.aluon.crm.customer.Customer@4cb38249, com.aluon.crm.customer.Customer@27057696, com.aluon.crm.c (truncated)...]
2026-03-18T00:18:19.364+01:00 DEBUG 41356 --- [aluon-saas-backend] [nio-8080-exec-4] org.hibernate.SQL                        : 
    select
        de1_0.customer_id,
        de1_0.id,
        de1_0.contacto,
        de1_0.cp,
        de1_0.direccion,
        de1_0.nombre_alias,
        de1_0.poblacion,
        de1_0.provincia,
        de1_0.telefono,
        de1_0.tenant_id 
    from
        delivery_addresses de1_0 
    where
        de1_0.customer_id=?
Hibernate: 
    select
        de1_0.customer_id,
        de1_0.id,
        de1_0.contacto,
        de1_0.cp,
        de1_0.direccion,
        de1_0.nombre_alias,
        de1_0.poblacion,
        de1_0.provincia,
        de1_0.telefono,
        de1_0.tenant_id 
    from
        delivery_addresses de1_0 
    where
        de1_0.customer_id=?
2026-03-18T00:18:19.368+01:00 DEBUG 41356 --- [aluon-saas-backend] [nio-8080-exec-4] org.hibernate.SQL                        : 
    select
        de1_0.customer_id,
        de1_0.id,
        de1_0.contacto,
        de1_0.cp,
        de1_0.direccion,
        de1_0.nombre_alias,
        de1_0.poblacion,
        de1_0.provincia,
        de1_0.telefono,
        de1_0.tenant_id 
    from
        delivery_addresses de1_0 
    where
        de1_0.customer_id=?
Hibernate: 
    select
        de1_0.customer_id,
        de1_0.id,
        de1_0.contacto,
        de1_0.cp,
        de1_0.direccion,
        de1_0.nombre_alias,
        de1_0.poblacion,
        de1_0.provincia,
        de1_0.telefono,
        de1_0.tenant_id 
    from
        delivery_addresses de1_0 
    where
        de1_0.customer_id=?
2026-03-18T00:18:19.376+01:00 DEBUG 41356 --- [aluon-saas-backend] [nio-8080-exec-4] org.hibernate.SQL                        : 
    select
        de1_0.customer_id,
        de1_0.id,
        de1_0.contacto,
        de1_0.cp,
        de1_0.direccion,
        de1_0.nombre_alias,
        de1_0.poblacion,
        de1_0.provincia,
        de1_0.telefono,
        de1_0.tenant_id 
    from
        delivery_addresses de1_0 
    where
        de1_0.customer_id=?
Hibernate: 
    select
        de1_0.customer_id,
        de1_0.id,
        de1_0.contacto,
        de1_0.cp,
        de1_0.direccion,
        de1_0.nombre_alias,
        de1_0.poblacion,
        de1_0.provincia,
        de1_0.telefono,
        de1_0.tenant_id 
    from
        delivery_addresses de1_0 
    where
        de1_0.customer_id=?
2026-03-18T00:18:19.380+01:00 DEBUG 41356 --- [aluon-saas-backend] [nio-8080-exec-4] org.hibernate.SQL                        : 
    select
        de1_0.customer_id,
        de1_0.id,
        de1_0.contacto,
        de1_0.cp,
        de1_0.direccion,
        de1_0.nombre_alias,
        de1_0.poblacion,
        de1_0.provincia,
        de1_0.telefono,
        de1_0.tenant_id 
    from
        delivery_addresses de1_0 
    where
        de1_0.customer_id=?
Hibernate: 
    select
        de1_0.customer_id,
        de1_0.id,
        de1_0.contacto,
        de1_0.cp,
        de1_0.direccion,
        de1_0.nombre_alias,
        de1_0.poblacion,
        de1_0.provincia,
        de1_0.telefono,
        de1_0.tenant_id 
    from
        delivery_addresses de1_0 
    where
        de1_0.customer_id=?
2026-03-18T00:18:19.382+01:00 DEBUG 41356 --- [aluon-saas-backend] [nio-8080-exec-4] org.hibernate.SQL                        : 
    select
        de1_0.customer_id,
        de1_0.id,
        de1_0.contacto,
        de1_0.cp,
        de1_0.direccion,
        de1_0.nombre_alias,
        de1_0.poblacion,
        de1_0.provincia,
        de1_0.telefono,
        de1_0.tenant_id 
    from
        delivery_addresses de1_0 
    where
        de1_0.customer_id=?
Hibernate: 
    select
        de1_0.customer_id,
        de1_0.id,
        de1_0.contacto,
        de1_0.cp,
        de1_0.direccion,
        de1_0.nombre_alias,
        de1_0.poblacion,
        de1_0.provincia,
        de1_0.telefono,
        de1_0.tenant_id 
    from
        delivery_addresses de1_0 
    where
        de1_0.customer_id=?
2026-03-18T00:18:19.386+01:00 DEBUG 41356 --- [aluon-saas-backend] [nio-8080-exec-4] org.hibernate.SQL                        : 
    select
        de1_0.customer_id,
        de1_0.id,
        de1_0.contacto,
        de1_0.cp,
        de1_0.direccion,
        de1_0.nombre_alias,
        de1_0.poblacion,
        de1_0.provincia,
        de1_0.telefono,
        de1_0.tenant_id 
    from
        delivery_addresses de1_0 
    where
        de1_0.customer_id=?
Hibernate: 
    select
        de1_0.customer_id,
        de1_0.id,
        de1_0.contacto,
        de1_0.cp,
        de1_0.direccion,
        de1_0.nombre_alias,
        de1_0.poblacion,
        de1_0.provincia,
        de1_0.telefono,
        de1_0.tenant_id 
    from
        delivery_addresses de1_0 
    where
        de1_0.customer_id=?
2026-03-18T00:18:19.392+01:00 DEBUG 41356 --- [aluon-saas-backend] [nio-8080-exec-4] org.hibernate.SQL                        : 
    select
        de1_0.customer_id,
        de1_0.id,
        de1_0.contacto,
        de1_0.cp,
        de1_0.direccion,
        de1_0.nombre_alias,
        de1_0.poblacion,
        de1_0.provincia,
        de1_0.telefono,
        de1_0.tenant_id 
    from
        delivery_addresses de1_0 
    where
        de1_0.customer_id=?
Hibernate: 
    select
        de1_0.customer_id,
        de1_0.id,
        de1_0.contacto,
        de1_0.cp,
        de1_0.direccion,
        de1_0.nombre_alias,
        de1_0.poblacion,
        de1_0.provincia,
        de1_0.telefono,
        de1_0.tenant_id 
    from
        delivery_addresses de1_0 
    where
        de1_0.customer_id=?
2026-03-18T00:18:19.400+01:00 DEBUG 41356 --- [aluon-saas-backend] [nio-8080-exec-4] org.hibernate.SQL                        : 
    select
        de1_0.customer_id,
        de1_0.id,
        de1_0.contacto,
        de1_0.cp,
        de1_0.direccion,
        de1_0.nombre_alias,
        de1_0.poblacion,
        de1_0.provincia,
        de1_0.telefono,
        de1_0.tenant_id 
    from
        delivery_addresses de1_0 
    where
        de1_0.customer_id=?
Hibernate: 
    select
        de1_0.customer_id,
        de1_0.id,
        de1_0.contacto,
        de1_0.cp,
        de1_0.direccion,
        de1_0.nombre_alias,
        de1_0.poblacion,
        de1_0.provincia,
        de1_0.telefono,
        de1_0.tenant_id 
    from
        delivery_addresses de1_0 
    where
        de1_0.customer_id=?
2026-03-18T00:18:19.405+01:00 DEBUG 41356 --- [aluon-saas-backend] [nio-8080-exec-4] org.hibernate.SQL                        : 
    select
        de1_0.customer_id,
        de1_0.id,
        de1_0.contacto,
        de1_0.cp,
        de1_0.direccion,
        de1_0.nombre_alias,
        de1_0.poblacion,
        de1_0.provincia,
        de1_0.telefono,
        de1_0.tenant_id 
    from
        delivery_addresses de1_0 
    where
        de1_0.customer_id=?
Hibernate: 
    select
        de1_0.customer_id,
        de1_0.id,
        de1_0.contacto,
        de1_0.cp,
        de1_0.direccion,
        de1_0.nombre_alias,
        de1_0.poblacion,
        de1_0.provincia,
        de1_0.telefono,
        de1_0.tenant_id 
    from
        delivery_addresses de1_0 
    where
        de1_0.customer_id=?
2026-03-18T00:18:19.407+01:00 DEBUG 41356 --- [aluon-saas-backend] [nio-8080-exec-4] org.hibernate.SQL                        : 
    select
        de1_0.customer_id,
        de1_0.id,
        de1_0.contacto,
        de1_0.cp,
        de1_0.direccion,
        de1_0.nombre_alias,
        de1_0.poblacion,
        de1_0.provincia,
        de1_0.telefono,
        de1_0.tenant_id 
    from
        delivery_addresses de1_0 
    where
        de1_0.customer_id=?
Hibernate: 
    select
        de1_0.customer_id,
        de1_0.id,
        de1_0.contacto,
        de1_0.cp,
        de1_0.direccion,
        de1_0.nombre_alias,
        de1_0.poblacion,
        de1_0.provincia,
        de1_0.telefono,
        de1_0.tenant_id 
    from
        delivery_addresses de1_0 
    where
        de1_0.customer_id=?
2026-03-18T00:18:19.413+01:00 DEBUG 41356 --- [aluon-saas-backend] [nio-8080-exec-4] o.s.web.servlet.DispatcherServlet        : Completed 200 OK
